Workbook

Sheet EquipType
A1: ID | B1: (nouse)装备部位 | C1: 装备部位 | D1: 职业限制 | E1: (nouse)种类号 | F1: 前缀词条池 | G1: 后缀词条池 | H1: 装备分类 | I1: 武器关联roleId
A2: id.p | B2: desc999 | C2: site | D2: career | E2: desc997 | F2: modifier1Pool | G2: modifier2Pool | H2: typeName | I2: roleId
A3: number | B3: string | C3: number | D3: number | E3: string | F3: number | G3: number | H3: string | I3: number2
A4: =(10+C4)*100&E4 -> 11001 | B4: 法杖 | C4: 1 | D4: 0 | E4: 1 | F4: 110011 | G4: 110012 | H4: 法杖 | I4: 9
A5: =(10+C5)*100&E5 -> 11002 | B5: 长剑 | C5: 1 | D5: 0 | E5: 2 | F5: 110021 | G5: 110022 | H5: 长剑 | I5: 6
A6: =(10+C6)*100&E6 -> 11003 | B6: 魔典 | C6: 1 | D6: 0 | E6: 3 | F6: 110021 | G6: 110022 | H6: 魔典 | I6: 12
A7: =(10+C7)*100&E7 -> 12001 | B7: 头盔 | C7: 2 | D7: 0 | E7: 1 | F7: 120011 | G7: 120012 | H7: 头盔
A8: =(10+C8)*100&E8 -> 13001 | B8: 胸甲 | C8: 3 | D8: 0 | E8: 1 | F8: 130011 | G8: 130012 | H8: 胸甲
A9: =(10+C9)*100&E9 -> 14001 | B9: 裤子 | C9: 4 | D9: 0 | E9: 1 | F9: 140011 | G9: 140012 | H9: 裤子
A10: =(10+C10)*100&E10 -> 15001 | B10: 鞋子 | C10: 5 | D10: 0 | E10: 1 | F10: 150011 | G10: 150012 | H10: 鞋子
A11: =(10+C11)*100&E11 -> 16001 | B11: 手套 | C11: 6 | D11: 0 | E11: 1 | F11: 160011 | G11: 160012 | H11: 手套
A12: =(10+C12)*100&E12 -> 17001 | B12: 礼花 | C12: 7 | D12: 0 | E12: 1 | F12: 170011 | G12: 170012 | H12: 礼花
A13: =(10+C13)*100&E13 -> 18001 | B13: 耳环 | C13: 8 | D13: 0 | E13: 1 | F13: 180011 | G13: 180012 | H13: 耳环
A14: =(10+C14)*100&E14 -> 19001 | B14: 项链 | C14: 9 | D14: 0 | E14: 1 | F14: 190011 | G14: 190012 | H14: 项链
A15: =(10+C15)*100&E15 -> 20001 | B15: 戒指 | C15: 10 | D15: 0 | E15: 1 | F15: 200011 | G15: 200012 | H15: 戒指

Sheet Equip
A1: ID | B1: (nouse)装备名 | C1: (nouse)装备type | D1: (nouse)具体号 | E1: 名称 | F1: 传奇装备(废弃) | G1: 外形 | H1: 种类 | I1: 基础属性id | J1: 装备专属词条 | K1: 备注
A2: id.p | B2: desc999 | C2: desc998 | D2: desc997 | E2: name | F2: legendEquip | G2: contourId | H2: type | I2: basicAttrPoolId | J2: baseModifier | K2: desc996
A3: number | B3: string | C3: string | D3: string | E3: string | F3: object | G3: number2 | H3: number | I3: number | J3: number | K3: string
A4: =H4*100+D4 -> 1100101 | B4: 火焰法杖 | C4: 法杖 | D4: 1 | E4: =B4 -> 火焰法杖 | G4: 108 | H4: =_xlfn.XLOOKUP(C4,EquipType!B:B,EquipType!A:A) -> 11001 | I4: =A4 -> 1100101 | J4: =A4 -> 1100101
A5: =H5*100+D5 -> 1100102 | B5: 冰霜法杖 | C5: 法杖 | D5: 2 | E5: =B5 -> 冰霜法杖 | G5: 109 | H5: =_xlfn.XLOOKUP(C5,EquipType!B:B,EquipType!A:A) -> 11001 | I5: =I4 -> 1100101 | J5: =A5 -> 1100102
A6: =H6*100+D6 -> 1100103 | B6: 闪电法杖 | C6: 法杖 | D6: 3 | E6: =B6 -> 闪电法杖 | G6: 105 | H6: =_xlfn.XLOOKUP(C6,EquipType!B:B,EquipType!A:A) -> 11001 | I6: =I5 -> 1100101 | J6: =A6 -> 1100103
A7: =H7*100+D7 -> 1100201 | B7: 物理长剑 | C7: 长剑 | D7: 1 | E7: =B7 -> 物理长剑 | G7: 102 | H7: =_xlfn.XLOOKUP(C7,EquipType!B:B,EquipType!A:A) -> 11002 | I7: =I6 -> 1100101 | J7: =A7 -> 1100201
A8: =H8*100+D8 -> 1100202 | B8: 冰霜长剑 | C8: 长剑 | D8: 2 | E8: =B8 -> 冰霜长剑 | G8: 106 | H8: =_xlfn.XLOOKUP(C8,EquipType!B:B,EquipType!A:A) -> 11002 | I8: =I7 -> 1100101 | J8: =A8 -> 1100202
A9: =H9*100+D9 -> 1100203 | B9: 闪电长剑 | C9: 长剑 | D9: 3 | E9: =B9 -> 闪电长剑 | G9: 105 | H9: =_xlfn.XLOOKUP(C9,EquipType!B:B,EquipType!A:A) -> 11002 | I9: =I8 -> 1100101 | J9: =A9 -> 1100203
A10: =H10*100+D10 -> 1100301 | B10: 混沌魔典 | C10: 魔典 | D10: 1 | E10: =B10 -> 混沌魔典 | G10: 105 | H10: =_xlfn.XLOOKUP(C10,EquipType!B:B,EquipType!A:A) -> 11003 | I10: =I9 -> 1100101 | J10: =A10 -> 1100301
A11: =H11*100+D11 -> 1100302 | B11: 火焰魔典 | C11: 魔典 | D11: 2 | E11: =B11 -> 火焰魔典 | G11: 108 | H11: =_xlfn.XLOOKUP(C11,EquipType!B:B,EquipType!A:A) -> 11003 | I11: =I10 -> 1100101 | J11: =A11 -> 1100302
A12: =H12*100+D12 -> 1100303 | B12: 冰霜魔典 | C12: 魔典 | D12: 3 | E12: =B12 -> 冰霜魔典 | G12: 107 | H12: =_xlfn.XLOOKUP(C12,EquipType!B:B,EquipType!A:A) -> 11003 | I12: =I11 -> 1100101 | J12: =A12 -> 1100303
A13: =H13*100+D13 -> 1200101 | B13: 铸铁头盔 | C13: 头盔 | D13: 1 | E13: =B13 -> 铸铁头盔 | F13: [[1,1]] | H13: =_xlfn.XLOOKUP(C13,EquipType!B:B,EquipType!A:A) -> 12001 | I13: =A13 -> 1200101 | J13: =A13 -> 1200101 | K13: 火gain
A14: =H14*100+D14 -> 1200102 | B14: 银制头盔 | C14: 头盔 | D14: 2 | E14: =B14 -> 银制头盔 | F14: [[1,1]] | H14: =_xlfn.XLOOKUP(C14,EquipType!B:B,EquipType!A:A) -> 12001 | I14: =I13 -> 1200101 | J14: =A14 -> 1200102 | K14: 冰gain
A15: =H15*100+D15 -> 1200103 | B15: 闪电头盔 | C15: 头盔 | D15: 3 | E15: =B15 -> 闪电头盔 | F15: [[1,1]] | H15: =_xlfn.XLOOKUP(C15,EquipType!B:B,EquipType!A:A) -> 12001 | I15: =I14 -> 1200101 | J15: =A15 -> 1200103 | K15: 电gain
A16: =H16*100+D16 -> 1300101 | B16: 铸铁胸甲 | C16: 胸甲 | D16: 1 | E16: =B16 -> 铸铁胸甲 | F16: [[1,1]] | H16: =_xlfn.XLOOKUP(C16,EquipType!B:B,EquipType!A:A) -> 13001 | I16: =A16 -> 1300101 | J16: =A16 -> 1300101 | K16: 物理gain
A17: =H17*100+D17 -> 1300102 | B17: 皮制胸甲 | C17: 胸甲 | D17: 2 | E17: =B17 -> 皮制胸甲 | F17: [[1,1]] | H17: =_xlfn.XLOOKUP(C17,EquipType!B:B,EquipType!A:A) -> 13001 | I17: =I16 -> 1300101 | J17: =A17 -> 1300102 | K17: 混沌gain
A18: =H18*100+D18 -> 1300103 | B18: 铁锁胸甲 | C18: 胸甲 | D18: 3 | E18: =B18 -> 铁锁胸甲 | F18: [[1,1]] | H18: =_xlfn.XLOOKUP(C18,EquipType!B:B,EquipType!A:A) -> 13001 | I18: =I17 -> 1300101 | J18: =A18 -> 1300103 | K18: 物理抗性
A19: =H19*100+D19 -> 1400101 | B19: 铸铁腿甲 | C19: 裤子 | D19: 1 | E19: =B19 -> 铸铁腿甲 | H19: =_xlfn.XLOOKUP(C19,EquipType!B:B,EquipType!A:A) -> 14001 | I19: =A19 -> 1400101 | J19: =A19 -> 1400101 | K19: 火抗
A20: =H20*100+D20 -> 1400102 | B20: 铸铁腿甲 | C20: 裤子 | D20: 2 | E20: =B20 -> 铸铁腿甲 | H20: =_xlfn.XLOOKUP(C20,EquipType!B:B,EquipType!A:A) -> 14001 | I20: =I19 -> 1400101 | J20: =A20 -> 1400102 | K20: 冰抗
A21: =H21*100+D21 -> 1400103 | B21: 铸铁腿甲 | C21: 裤子 | D21: 3 | E21: =B21 -> 铸铁腿甲 | H21: =_xlfn.XLOOKUP(C21,EquipType!B:B,EquipType!A:A) -> 14001 | I21: =I20 -> 1400101 | J21: =A21 -> 1400103 | K21: 电抗
A22: =H22*100+D22 -> 1500101 | B22: 铸铁靴 | C22: 鞋子 | D22: 1 | E22: =B22 -> 铸铁靴 | F22: [[1,1]] | H22: =_xlfn.XLOOKUP(C22,EquipType!B:B,EquipType!A:A) -> 15001 | I22: =A22 -> 1500101 | J22: =A22 -> 1500101 | K22: 攻击爆伤
A23: =H23*100+D23 -> 1500102 | B23: 铸铁靴 | C23: 鞋子 | D23: 2 | E23: =B23 -> 铸铁靴 | F23: [[1,1]] | H23: =_xlfn.XLOOKUP(C23,EquipType!B:B,EquipType!A:A) -> 15001 | I23: =I22 -> 1500101 | J23: =A23 -> 1500102 | K23: 法术爆伤
A24: =H24*100+D24 -> 1500103 | B24: 符文靴 | C24: 鞋子 | D24: 3 | E24: =B24 -> 符文靴 | F24: [[1,1]] | H24: =_xlfn.XLOOKUP(C24,EquipType!B:B,EquipType!A:A) -> 15001 | I24: =I23 -> 1500101 | J24: =A24 -> 1500103 | K24: 混沌抗性
A25: =H25*100+D25 -> 1600101 | B25: 铸铁护手 | C25: 手套 | D25: 1 | E25: =B25 -> 铸铁护手 | F25: [[1,1]] | H25: =_xlfn.XLOOKUP(C25,EquipType!B:B,EquipType!A:A) -> 16001 | I25: =A25 -> 1600101 | J25: =A25 -> 1600101 | K25: 攻击速度
A26: =H26*100+D26 -> 1600102 | B26: 皮制护手 | C26: 手套 | D26: 2 | E26: =B26 -> 皮制护手 | F26: [[1,1]] | H26: =_xlfn.XLOOKUP(C26,EquipType!B:B,EquipType!A:A) -> 16001 | I26: =I25 -> 1600101 | J26: =A26 -> 1600102 | K26: 施法速度
A27: =H27*100+D27 -> 1600103 | B27: 轻质护手 | C27: 手套 | D27: 3 | E27: =B27 -> 轻质护手 | F27: [[1,1],[2,1]] | H27: =_xlfn.XLOOKUP(C27,EquipType!B:B,EquipType!A:A) -> 16001 | I27: =I26 -> 1600101 | J27: =A27 -> 1600103
A28: =H28*100+D28 -> 1700101 | B28: 精铁礼花 | C28: 礼花 | D28: 1 | E28: =B28 -> 精铁礼花 | H28: =_xlfn.XLOOKUP(C28,EquipType!B:B,EquipType!A:A) -> 17001 | I28: =A28 -> 1700101 | J28: =A28 -> 1700101 | K28: 物理
A29: =H29*100+D29 -> 1700102 | B29: 宝石礼花 | C29: 礼花 | D29: 2 | E29: =B29 -> 宝石礼花 | H29: =_xlfn.XLOOKUP(C29,EquipType!B:B,EquipType!A:A) -> 17001 | I29: =I28 -> 1700101 | J29: =A29 -> 1700102 | K29: 火焰
A30: =H30*100+D30 -> 1700103 | B30: 宝石礼花 | C30: 礼花 | D30: 3 | E30: =B30 -> 宝石礼花 | H30: =_xlfn.XLOOKUP(C30,EquipType!B:B,EquipType!A:A) -> 17001 | I30: =I29 -> 1700101 | J30: =A30 -> 1700103 | K30: 冰冻
A31: =H31*100+D31 -> 1700104 | B31: 宝石礼花 | C31: 礼花 | D31: 4 | E31: =B31 -> 宝石礼花 | H31: =_xlfn.XLOOKUP(C31,EquipType!B:B,EquipType!A:A) -> 17001 | I31: =I30 -> 1700101 | J31: =A31 -> 1700104 | K31: 闪电
A32: =H32*100+D32 -> 1700105 | B32: 宝石礼花 | C32: 礼花 | D32: 5 | E32: =B32 -> 宝石礼花 | H32: =_xlfn.XLOOKUP(C32,EquipType!B:B,EquipType!A:A) -> 17001 | I32: =I31 -> 1700101 | J32: =A32 -> 1700105 | K32: 混沌
A33: =H33*100+D33 -> 1700106 | B33: 华丽礼花 | C33: 礼花 | D33: 6 | E33: =B33 -> 华丽礼花 | H33: =_xlfn.XLOOKUP(C33,EquipType!B:B,EquipType!A:A) -> 17001 | I33: =I32 -> 1700101 | J33: =A33 -> 1700106 | K33: 全伤
A34: =H34*100+D34 -> 1800101 | B34: 精铁耳环 | C34: 耳环 | D34: 1 | E34: =B34 -> 精铁耳环 | H34: =_xlfn.XLOOKUP(C34,EquipType!B:B,EquipType!A:A) -> 18001 | I34: =A34 -> 1800101 | J34: =A34 -> 1800101 | K34: 点燃
A35: =H35*100+D35 -> 1800102 | B35: 宝石耳环 | C35: 耳环 | D35: 2 | E35: =B35 -> 宝石耳环 | H35: =_xlfn.XLOOKUP(C35,EquipType!B:B,EquipType!A:A) -> 18001 | I35: =I34 -> 1800101 | J35: =A35 -> 1800102 | K35: 冰冻
A36: =H36*100+D36 -> 1800103 | B36: 宝石耳环 | C36: 耳环 | D36: 3 | E36: =B36 -> 宝石耳环 | H36: =_xlfn.XLOOKUP(C36,EquipType!B:B,EquipType!A:A) -> 18001 | I36: =I35 -> 1800101 | J36: =A36 -> 1800103 | K36: 感电
A37: =H37*100+D37 -> 1800104 | B37: 宝石耳环 | C37: 耳环 | D37: 4 | E37: =B37 -> 宝石耳环 | H37: =_xlfn.XLOOKUP(C37,EquipType!B:B,EquipType!A:A) -> 18001 | I37: =I36 -> 1800101 | J37: =A37 -> 1800104 | K37: 中毒
A38: =H38*100+D38 -> 1900101 | B38: 精铁项链 | C38: 项链 | D38: 1 | E38: =B38 -> 精铁项链 | H38: =_xlfn.XLOOKUP(C38,EquipType!B:B,EquipType!A:A) -> 19001 | I38: =A38 -> 1900101 | J38: =A38 -> 1900101 | K38: 范围
A39: =H39*100+D39 -> 1900102 | B39: 宝石项链 | C39: 项链 | D39: 2 | E39: =B39 -> 宝石项链 | H39: =_xlfn.XLOOKUP(C39,EquipType!B:B,EquipType!A:A) -> 19001 | I39: =I38 -> 1900101 | J39: =A39 -> 1900102 | K39: 近战
A40: =H40*100+D40 -> 1900103 | B40: 宝石项链 | C40: 项链 | D40: 3 | E40: =B40 -> 宝石项链 | H40: =_xlfn.XLOOKUP(C40,EquipType!B:B,EquipType!A:A) -> 19001 | I40: =I39 -> 1900101 | J40: =A40 -> 1900103 | K40: 投射
A41: =H41*100+D41 -> 2000101 | B41: 精铁戒指 | C41: 戒指 | D41: 1 | E41: =B41 -> 精铁戒指 | H41: =_xlfn.XLOOKUP(C41,EquipType!B:B,EquipType!A:A) -> 20001 | I41: =A41 -> 2000101 | J41: =A41 -> 2000101 | K41: 攻击
A42: =H42*100+D42 -> 2000102 | B42: 护法戒指 | C42: 戒指 | D42: 2 | E42: =B42 -> 护法戒指 | H42: =_xlfn.XLOOKUP(C42,EquipType!B:B,EquipType!A:A) -> 20001 | I42: =I41 -> 2000101 | J42: =A42 -> 2000102 | K42: 法术
A43: =H43*100+D43 -> 2000103 | B43: 精铁戒指 | C43: 戒指 | D43: 3 | E43: =B43 -> 精铁戒指 | H43: =_xlfn.XLOOKUP(C43,EquipType!B:B,EquipType!A:A) -> 20001 | I43: =I42 -> 2000101 | J43: =A43 -> 2000103 | K43: 召唤

Sheet LegendEquip
A1: ID | B1: 传奇编号 | C1: 品质 | D1: 传奇名 | E1: (nouse)装备名 | F1: (nouse)装备type | G1: 图标 | H1: 特殊尺寸图标 | I1: 外形 | J1: 前缀词条 | K1: 后缀词条 | L1: 种类
A2: id.p | B2: legend.p | C2: quality | D2: name | E2: desc999 | F2: desc998 | G2: icon | H2: spIcon | I2: contourId | J2: modifier1 | K2: modifier2 | L2: type
A3: number | B3: number | C3: number | D3: string | E3: string | F3: string | G3: stringArr | H3: stringArr | I3: number2 | J3: numberArr | K3: numberArr | L3: number
A4: =_xlfn.XLOOKUP(E4,Equip!B:B,Equip!A:A,,0) -> 1100103 | B4: 1 | C4: 7 | D4: 风暴之眼 | E4: 闪电法杖 | F4: =_xlfn.XLOOKUP(E4,Equip!B:B,Equip!C:C,,0) -> 法杖 | G4: zhuangbei/110/109 | H4: =G4&"_big" -> zhuangbei/110/109_big | I4: 110 | J4: 90097|90098|90099 | K4: 90100|90101|90102 | L4: =_xlfn.XLOOKUP(E4,Equip!E:E,Equip!H:H) -> 11001
A5: =_xlfn.XLOOKUP(E5,Equip!B:B,Equip!A:A,,0) -> 1100201 | B5: 1 | C5: 6 | D5: 鬼乡村正 | E5: 物理长剑 | F5: =_xlfn.XLOOKUP(E5,Equip!B:B,Equip!C:C,,0) -> 长剑 | G5: zhuangbei/104/106 | H5: =G5&"_big" -> zhuangbei/104/106_big | I5: 104 | J5: 90001|90002|90003 | K5: 90004|90005|90006 | L5: =_xlfn.XLOOKUP(E5,Equip!E:E,Equip!H:H) -> 11002
A6: =_xlfn.XLOOKUP(E6,Equip!B:B,Equip!A:A,,0) -> 1100202 | B6: 1 | C6: 6 | D6: 霜之哀伤 | E6: 冰霜长剑 | F6: =_xlfn.XLOOKUP(E6,Equip!B:B,Equip!C:C,,0) -> 长剑 | G6: zhuangbei/131/106 | H6: =G6&"_big" -> zhuangbei/131/106_big | I6: 106 | J6: 90055|90056|90057 | K6: 90058|90059|90060 | L6: =_xlfn.XLOOKUP(E6,Equip!E:E,Equip!H:H) -> 11002
A7: =_xlfn.XLOOKUP(E7,Equip!B:B,Equip!A:A,,0) -> 1200101 | B7: 1 | C7: 7 | D7: 圣焰 | E7: 铸铁头盔 | F7: =_xlfn.XLOOKUP(E7,Equip!B:B,Equip!C:C,,0) -> 头盔 | G7: zhuangbei/118/202 | J7: 90145|90146|90147 | K7: 90148|90149 | L7: =_xlfn.XLOOKUP(E7,Equip!E:E,Equip!H:H) -> 12001
A8: =_xlfn.XLOOKUP(E8,Equip!B:B,Equip!A:A,,0) -> 1200102 | B8: 1 | C8: 6 | D8: 死骑之盔 | E8: 银制头盔 | F8: =_xlfn.XLOOKUP(E8,Equip!B:B,Equip!C:C,,0) -> 头盔 | G8: zhuangbei/130/202 | J8: 90037|90038 | K8: 90040|90041|90042 | L8: =_xlfn.XLOOKUP(E8,Equip!E:E,Equip!H:H) -> 12001
A9: =_xlfn.XLOOKUP(E9,Equip!B:B,Equip!A:A,,0) -> 1200103 | B9: 1 | C9: 6 | D9: 龙怒之眼 | E9: 闪电头盔 | F9: =_xlfn.XLOOKUP(E9,Equip!B:B,Equip!C:C,,0) -> 头盔 | G9: zhuangbei/118/202 | J9: 90061|90062 | K9: 90064|90065|90066 | L9: =_xlfn.XLOOKUP(E9,Equip!E:E,Equip!H:H) -> 12001
A10: =_xlfn.XLOOKUP(E10,Equip!B:B,Equip!A:A,,0) -> 1300101 | B10: 1 | C10: 6 | D10: 元素衣 | E10: 铸铁胸甲 | F10: =_xlfn.XLOOKUP(E10,Equip!B:B,Equip!C:C,,0) -> 胸甲 | G10: zhuangbei/132/304 | J10: 90013|90014 | K10: 90016|90017|90018 | L10: =_xlfn.XLOOKUP(E10,Equip!E:E,Equip!H:H) -> 13001
A11: =_xlfn.XLOOKUP(E11,Equip!B:B,Equip!A:A,,0) -> 1300102 | B11: 1 | C11: 7 | D11: 腐化侵蚀 | E11: 皮制胸甲 | F11: =_xlfn.XLOOKUP(E11,Equip!B:B,Equip!C:C,,0) -> 胸甲 | G11: zhuangbei/117/302 | J11: 90073|90074 | K11: 90076|90077 | L11: =_xlfn.XLOOKUP(E11,Equip!E:E,Equip!H:H) -> 13001
A12: =_xlfn.XLOOKUP(E12,Equip!B:B,Equip!A:A,,0) -> 1300103 | B12: 1 | C12: 7 | D12: 大法袍 | E12: 铁锁胸甲 | F12: =_xlfn.XLOOKUP(E12,Equip!B:B,Equip!C:C,,0) -> 胸甲 | G12: zhuangbei/132/304 | J12: 90103|90104 | K12: 90106|90107|90108 | L12: =_xlfn.XLOOKUP(E12,Equip!E:E,Equip!H:H) -> 13001
A13: =_xlfn.XLOOKUP(E13,Equip!B:B,Equip!A:A,,0) -> 1500103 | B13: 1 | C13: 6 | D13: 追风 | E13: 符文靴 | F13: =_xlfn.XLOOKUP(E13,Equip!B:B,Equip!C:C,,0) -> 鞋子 | G13: zhuangbei/120/401 | J13: 90019|90020 | K13: 90022|90023 | L13: =_xlfn.XLOOKUP(E13,Equip!E:E,Equip!H:H) -> 15001
A14: =_xlfn.XLOOKUP(E14,Equip!B:B,Equip!A:A,,0) -> 1500103 | B14: 2 | C14: 6 | D14: 烈火行军 | E14: 符文靴 | F14: =_xlfn.XLOOKUP(E14,Equip!B:B,Equip!C:C,,0) -> 鞋子 | G14: zhuangbei/118/401 | J14: 90109|90110 | K14: 900112|90113 | L14: =_xlfn.XLOOKUP(E14,Equip!E:E,Equip!H:H) -> 15001
A15: =_xlfn.XLOOKUP(E15,Equip!B:B,Equip!A:A,,0) -> 1500103 | B15: 3 | C15: 6 | D15: 苦行便鞋 | E15: 符文靴 | F15: =_xlfn.XLOOKUP(E15,Equip!B:B,Equip!C:C,,0) -> 鞋子 | G15: zhuangbei/133/403 | J15: 90115|90116 | K15: 90118|90119 | L15: =_xlfn.XLOOKUP(E15,Equip!E:E,Equip!H:H) -> 15001
A16: =_xlfn.XLOOKUP(E16,Equip!B:B,Equip!A:A,,0) -> 1600101 | B16: 1 | C16: 6 | D16: 轰天雷 | E16: 铸铁护手 | F16: =_xlfn.XLOOKUP(E16,Equip!B:B,Equip!C:C,,0) -> 手套 | G16: zhuangbei/121/501 | J16: 90025|90026 | K16: 90028|90029|90030 | L16: =_xlfn.XLOOKUP(E16,Equip!E:E,Equip!H:H) -> 16001
A17: =_xlfn.XLOOKUP(E17,Equip!B:B,Equip!A:A,,0) -> 1600101 | B17: 2 | C17: 6 | D17: 元素之握 | E17: 铸铁护手 | F17: =_xlfn.XLOOKUP(E17,Equip!B:B,Equip!C:C,,0) -> 手套 | G17: zhuangbei/133/504 | J17: 90031|90032 | K17: 90034|90035|90036 | L17: =_xlfn.XLOOKUP(E17,Equip!E:E,Equip!H:H) -> 16001
A18: =_xlfn.XLOOKUP(E18,Equip!B:B,Equip!A:A,,0) -> 1600101 | B18: 3 | C18: 6 | D18: 刺骨之握 | E18: 铸铁护手 | F18: =_xlfn.XLOOKUP(E18,Equip!B:B,Equip!C:C,,0) -> 手套 | G18: zhuangbei/129/504 | J18: 90043|90044 | K18: 90046|90047|90048 | L18: =_xlfn.XLOOKUP(E18,Equip!E:E,Equip!H:H) -> 16001
... A22: =_xlfn.XLOOKUP(E22,Equip!B:B,Equip!A:A,,0) -> 1700106 | B22: 1 | C22: 8 | D22: 神意 | E22: 华丽礼花 | F22: =_xlfn.XLOOKUP(E22,Equip!B:B,Equip!C:C,,0) -> 礼花 | G22: zhuangbei/110/601 | J22: 90139|90140|90141 | K22: 90142|90143 | L22: =_xlfn.XLOOKUP(E22,Equip!E:E,Equip!H:H) -> 17001
A23: =_xlfn.XLOOKUP(E23,Equip!B:B,Equip!A:A,,0) -> 1900101 | B23: 1 | C23: 6 | D23: 旋流之心 | E23: 精铁项链 | F23: =_xlfn.XLOOKUP(E23,Equip!B:B,Equip!C:C,,0) -> 项链 | G23: zhuangbei/121/801 | J23: 90007|90008 | K23: 90010 | L23: =_xlfn.XLOOKUP(E23,Equip!E:E,Equip!H:H) -> 19001
A24: =_xlfn.XLOOKUP(E24,Equip!B:B,Equip!A:A,,0) -> 1900101 | B24: 2 | C24: 7 | D24: 分形 | E24: 精铁项链 | F24: =_xlfn.XLOOKUP(E24,Equip!B:B,Equip!C:C,,0) -> 项链 | G24: zhuangbei/129/801 | J24: 90091|90092|90093 | K24: 90094|90095 | L24: =_xlfn.XLOOKUP(E24,Equip!E:E,Equip!H:H) -> 19001
A25: =_xlfn.XLOOKUP(E25,Equip!B:B,Equip!A:A,,0) -> 1900101 | B25: 3 | C25: 7 | D25: 闪电纹章 | E25: 精铁项链 | F25: =_xlfn.XLOOKUP(E25,Equip!B:B,Equip!C:C,,0) -> 项链 | G25: zhuangbei/124/801 | J25: 90121|90122 | K25: 90124|90125|90126 | L25: =_xlfn.XLOOKUP(E25,Equip!E:E,Equip!H:H) -> 19001
A26: =_xlfn.XLOOKUP(E26,Equip!B:B,Equip!A:A,,0) -> 1900102 | B26: 1 | C26: 6 | D26: 无悔决心 | E26: 宝石项链 | F26: =_xlfn.XLOOKUP(E26,Equip!B:B,Equip!C:C,,0) -> 项链 | G26: zhuangbei/130/801 | J26: 90049|90050 | K26: 90052|90053|90054 | L26: =_xlfn.XLOOKUP(E26,Equip!E:E,Equip!H:H) -> 19001
A27: =_xlfn.XLOOKUP(E27,Equip!B:B,Equip!A:A,,0) -> 2000101 | B27: 1 | C27: 6 | D27: 碎魔晶 | E27: 精铁戒指 | F27: =_xlfn.XLOOKUP(E27,Equip!B:B,Equip!C:C,,0) -> 戒指 | G27: zhuangbei/121/901 | J27: 90127|90128 | K27: 90130|90131 | L27: =_xlfn.XLOOKUP(E27,Equip!E:E,Equip!H:H) -> 20001
A28: =_xlfn.XLOOKUP(E28,Equip!B:B,Equip!A:A,,0) -> 2000102 | B28: 1 | C28: 6 | D28: 冰亡 | E28: 护法戒指 | F28: =_xlfn.XLOOKUP(E28,Equip!B:B,Equip!C:C,,0) -> 戒指 | G28: zhuangbei/131/901 | J28: 90133|90134 | K28: 90136|90137|90138 | L28: =_xlfn.XLOOKUP(E28,Equip!E:E,Equip!H:H) -> 20001

Sheet EquipQuality
A1: 装备品质 | B1: (nouse)品质 | C1: 词条评级区间 | D1: 掉落时词条数量区间 | E1: 最少词缀数量 | F1: 前缀数量上限 | G1: 后缀数量上限 | H1: 专属词条是否生效 | I1: 回收获得道具
A2: quality.p | B2: desc999 | C2: modifierTier | D2: modifierDrop | E2: modifierMin | F2: modifier1Max | G2: modifier2Max | H2: baseModifierEnable | I2: recycleItems
A3: number | B3: string | C3: numberArr | D3: numberArr | E3: number2 | F3: number | G3: number | H3: number2 | I3: object
A4: 1 | B4: 白色 | C4: 7|8 | D4: 1|1 | E4: 1 | F4: 1 | G4: 1 | H4: 0 | I4: [[2009,1]]
A5: 3 | B5: 蓝色 | C5: 4|8 | D5: 2|3 | E5: 2 | F5: 2 | G5: 2 | H5: 1 | I5: [[2009,2]]
A6: 5 | B6: 金色 | C6: 1|8 | D6: 3|4 | E6: 3 | F6: 3 | G6: 3 | H6: 1 | I6: [[2009,5]]
A7: 6 | B7: 橙色 | C7: 1|10 | D7: 6|6 | E7: 6 | F7: 3 | G7: 3 | H7: 1 | I7: [[103,1]]
A8: 7 | B8: 粉色 | C8: 1|10 | D8: 6|6 | E8: 6 | F8: 3 | G8: 3 | H8: 1 | I8: [[103,1]]
A9: 8 | B9: 红色 | C9: 1|10 | D9: 6|6 | E9: 6 | F9: 3 | G9: 3 | H9: 1 | I9: [[103,1]]

Sheet Attr
A1: ID | B1: 装等 | C1: 穿戴等级 | D1: (nouse)策划说明 | E1: 属性类型ID | F1: 属性下限（nouse） | G1: 属性上限（nouse） | H1: 属性均值（nouse） | I1: 值区间 | J1: 保留小数点
A2: id.p | B2: level.p | C2: wearLevel | D2: desc998 | E2: attrId | F2: min | G2: max | H2: avg | I2: Value | J2: round
A3: number | B3: number | C3: number | D3: string | E3: number | F3: number | G3: number | H3: number | I3: numberArr | J3: number
A4: 1100101 | B4: 1 | C4: 1 | D4: 法杖a | E4: 10000 | F4: 9 | G4: 9 | H4: 1 | I4: =_xlfn.TEXTJOIN("|",0,F4:G4) -> 9|9 | J4: 0
A5: 1100101 | B5: 4 | C5: 1 | D5: 法杖a | E5: 10000 | F5: 15 | G5: 15 | H5: 1 | I5: =_xlfn.TEXTJOIN("|",0,F5:G5) -> 15|15 | J5: 0
A6: 1100101 | B6: 8 | C6: 4 | D6: 法杖a | E6: 10000 | F6: 21 | G6: 21 | H6: 1 | I6: =_xlfn.TEXTJOIN("|",0,F6:G6) -> 21|21 | J6: 0
A7: 1100101 | B7: 13 | C7: 8 | D7: 法杖a | E7: 10000 | F7: 27 | G7: 27 | H7: 1 | I7: =_xlfn.TEXTJOIN("|",0,F7:G7) -> 27|27 | J7: 0
A8: 1100101 | B8: 19 | C8: 13 | D8: 法杖a | E8: 10000 | F8: 36 | G8: 36 | H8: 1 | I8: =_xlfn.TEXTJOIN("|",0,F8:G8) -> 36|36 | J8: 0
A9: 1100101 | B9: 25 | C9: 19 | D9: 法杖a | E9: 10000 | F9: 54 | G9: 54 | H9: 1 | I9: =_xlfn.TEXTJOIN("|",0,F9:G9) -> 54|54 | J9: 0
A10: 1100101 | B10: 31 | C10: 25 | D10: 法杖a | E10: 10000 | F10: 72 | G10: 72 | H10: 1 | I10: =_xlfn.TEXTJOIN("|",0,F10:G10) -> 72|72 | J10: 0
A11: 1100101 | B11: 37 | C11: 31 | D11: 法杖a | E11: 10000 | F11: 108 | G11: 108 | H11: 1 | I11: =_xlfn.TEXTJOIN("|",0,F11:G11) -> 108|108 | J11: 0
A12: 1100101 | B12: 43 | C12: 37 | D12: 法杖a | E12: 10000 | F12: 144 | G12: 144 | H12: 1 | I12: =_xlfn.TEXTJOIN("|",0,F12:G12) -> 144|144 | J12: 0
A13: 1100101 | B13: 49 | C13: 43 | D13: 法杖a | E13: 10000 | F13: 288 | G13: 288 | H13: 1 | I13: =_xlfn.TEXTJOIN("|",0,F13:G13) -> 288|288 | J13: 0
A14: 1100101 | B14: 55 | C14: 49 | D14: 法杖a | E14: 10000 | F14: 576 | G14: 576 | H14: 1 | I14: =_xlfn.TEXTJOIN("|",0,F14:G14) -> 576|576 | J14: 0
A15: 1100101 | B15: 61 | C15: 55 | D15: 法杖a | E15: 10000 | F15: 1152 | G15: 1152 | H15: 1 | I15: =_xlfn.TEXTJOIN("|",0,F15:G15) -> 1152|1152 | J15: 0
... A198: 2200101 | B198: 90 | C198: 75 | D198: 羽饰a | E198: 10313 | F198: 0.15 | G198: 0.2 | H198: 1 | I198: =_xlfn.TEXTJOIN("|",0,F198:G198) -> 0.15|0.2 | J198: 2

Sheet ModifierPool
A1: id | B1: 备注(nouse) | C1: 是否按顺序取出(传奇装备用) | D1: 词条池
A2: id.p | B2: desc999 | C2: ifOrder | D2: modifier
A3: number | B3: string | C3: number2 | D3: numberArr
A4: 110011 | B4: 法杖前缀 | D4: 1201|1202|1203|1204|1205|1206|1207|1208|1209|1210|1211|1212|1213
A5: 110012 | B5: 法杖后缀 | D5: 1251|1252|1253|1254|1255|1256|1257|1258|1259|1260|1261|1262|1263|1264|1265|1266|1267|1268|1269|1270|1271|1272|1273
A6: 110021 | B6: 长剑前缀 | D6: 1|2|3|4|5|6|7|8|9|10|11|12|13
A7: 110022 | B7: 长剑后缀 | D7: 51|52|53|54|55|56|57|59|60|61|62|63|64|65|66|67|68|69|70|71|72|73|74
A8: 120011 | B8: 头盔前缀 | D8: 101|102|103|104|105|106|107|108|109|110|111|112|113|114
A9: 120012 | B9: 头盔后缀 | D9: 151|152|153|154|155|156|157|158|159|160|161|162|163|164
A10: 130011 | B10: 胸甲前缀 | D10: 201|202|203|204|205|206|207|208|209|210|211|212|213|214
A11: 130012 | B11: 胸甲后缀 | D11: 251|252|253|254|255|256|257|258|259|260|261|262|263|264
A12: 140011 | B12: 裤子前缀 | D12: 301|302|303|304|305|306|307|308|309|310|311|312|313|314
A13: 140012 | B13: 裤子后缀 | D13: 351|352|353|354|355|356|357|358|359|360|361|362|363|364
A14: 150011 | B14: 鞋子前缀 | D14: 401|402|403|404|405|406|407|408|409|410|411|412|413|414
A15: 150012 | B15: 鞋子后缀 | D15: 451|452|453|454|455|456|457|458|459|460|461|462|463|464
... A29: 220012 | B29: 羽饰后缀 | D29: 1151|1152|1153|1154|1155|1156|1157|1158|1159|1160|1161|1162|1163|1164

Sheet Modifier
A1: id | B1: 评级 | C1: 备注(nouse) | D1: (nouse)所属type | E1: (nouse)所属词位 | F1: 名称 | G1: 词缀前后 | H1: 权重 | I1: 互斥组 | J1: 解锁装等 | K1: 描述 | L1: 词缀类型 | M1: 特技 | N1: 效果 | O1: 提供属性 | P1: 随机值属性名 | Q1: 随机下限 | R1: 随机上限 | S1: 保留小数位 | T1: 显示类型
A2: id.p | B2: tier.p | C2: desc999 | D2: desc998 | E2: desc997 | F2: name | G2: modifierPosition | H2: weigh | I2: repel | J2: level | K2: desc | L2: modifierType | M2: stunt | N2: affix | O2: attr | P2: randomValue | Q2: min | R2: max | S2: round | T2: showType
A3: number | B3: number | C3: string | D3: string | E3: string | F3: string | G3: number2 | H3: number2 | I3: number2 | J3: number2 | K3: string | L3: number2 | M3: numberArr | N3: number2 | O3: number2 | P3: string | Q3: number2 | R3: number2 | S3: number2 | T3: number2
A4: 1 | B4: 1 | C4: 物理伤害倍率增加 | D4: 长剑 | E4: 前缀 | G4: 1 | H4: 50 | J4: {=_xlfn.SWITCH(B4,1,75,2,61,3,49,4,37,5,25,6,13,7,4,8,1)} -> 75 | K4: {=IFERROR(_xlfn.SWITCH(L4,2,_xlfn.XLOOKUP(C4,[1]ModifierDes!$B:$B,[1]ModifierDes!$C:$C),3,_xlfn.XLOOKUP(C4,[1]StuntDes!$B:$B,[1]StuntDes!$C:$C)),"")} -> 物理伤害倍率增加{0} | L4: =IF(M4="",IF(N4="",1,2),3) -> 2 | M4: =IFERROR(_xlfn.XLOOKUP(C4,[1]StuntDes!$B:$B,[1]StuntDes!$A:$A),"") | N4: =IFERROR(_xlfn.XLOOKUP(C4,[1]ModifierDes!$B:$B,[1]ModifierDes!$A:$A),"") -> 10056 | O4: =IFERROR(_xlfn.XLOOKUP(C4,[1]AttributeName!$C:$C,[1]AttributeName!$B:$B),"") | Q4: 0.5 | R4: 0.7 | S4: {=IFERROR(_xlfn.SWITCH(L4,1,_xlfn.XLOOKUP(O4,[1]AttributeName!$B:$B,[1]AttributeName!$D:$D),2,_xlfn.XLOOKUP(C4,#REF!,#REF!),3,_xlfn.XLOOKUP(C4,#REF!,#REF!)),0)} -> 0 | T4: {=IFERROR(_xlfn.SWITCH(L4,1,_xlfn.XLOOKUP(O4,[1]AttributeName!$B:$B,[1]AttributeName!$E:$E),2,_xlfn.XLOOKUP(C4,#REF!,#REF!),3,_xlfn.XLOOKUP(C4,#REF!,#REF!)),0)} -> 0
A5: 1 | B5: 2 | C5: 物理伤害倍率增加 | D5: 长剑 | E5: 前缀 | G5: 1 | H5: 100 | J5: {=_xlfn.SWITCH(B5,1,75,2,61,3,49,4,37,5,25,6,13,7,4,8,1)} -> 61 | K5: {=IFERROR(_xlfn.SWITCH(L5,2,_xlfn.XLOOKUP(C5,[1]ModifierDes!$B:$B,[1]ModifierDes!$C:$C),3,_xlfn.XLOOKUP(C5,[1]StuntDes!$B:$B,[1]StuntDes!$C:$C)),"")} -> 物理伤害倍率增加{0} | L5: =IF(M5="",IF(N5="",1,2),3) -> 2 | M5: =IFERROR(_xlfn.XLOOKUP(C5,[1]StuntDes!$B:$B,[1]StuntDes!$A:$A),"") | N5: =IFERROR(_xlfn.XLOOKUP(C5,[1]ModifierDes!$B:$B,[1]ModifierDes!$A:$A),"") -> 10056 | O5: =IFERROR(_xlfn.XLOOKUP(C5,[1]AttributeName!$C:$C,[1]AttributeName!$B:$B),"") | Q5: 0.44 | R5: 0.49 | S5: {=IFERROR(_xlfn.SWITCH(L5,1,_xlfn.XLOOKUP(O5,[1]AttributeName!$B:$B,[1]AttributeName!$D:$D),2,_xlfn.XLOOKUP(C5,#REF!,#REF!),3,_xlfn.XLOOKUP(C5,#REF!,#REF!)),0)} -> 0 | T5: {=IFERROR(_xlfn.SWITCH(L5,1,_xlfn.XLOOKUP(O5,[1]AttributeName!$B:$B,[1]AttributeName!$E:$E),2,_xlfn.XLOOKUP(C5,#REF!,#REF!),3,_xlfn.XLOOKUP(C5,#REF!,#REF!)),0)} -> 0
A6: 1 | B6: 3 | C6: 物理伤害倍率增加 | D6: 长剑 | E6: 前缀 | G6: 1 | H6: 200 | J6: {=_xlfn.SWITCH(B6,1,75,2,61,3,49,4,37,5,25,6,13,7,4,8,1)} -> 49 | K6: {=IFERROR(_xlfn.SWITCH(L6,2,_xlfn.XLOOKUP(C6,[1]ModifierDes!$B:$B,[1]ModifierDes!$C:$C),3,_xlfn.XLOOKUP(C6,[1]StuntDes!$B:$B,[1]StuntDes!$C:$C)),"")} -> 物理伤害倍率增加{0} | L6: =IF(M6="",IF(N6="",1,2),3) -> 2 | M6: =IFERROR(_xlfn.XLOOKUP(C6,[1]StuntDes!$B:$B,[1]StuntDes!$A:$A),"") | N6: =IFERROR(_xlfn.XLOOKUP(C6,[1]ModifierDes!$B:$B,[1]ModifierDes!$A:$A),"") -> 10056 | O6: =IFERROR(_xlfn.XLOOKUP(C6,[1]AttributeName!$C:$C,[1]AttributeName!$B:$B),"") | Q6: 0.38 | R6: 0.43 | S6: {=IFERROR(_xlfn.SWITCH(L6,1,_xlfn.XLOOKUP(O6,[1]AttributeName!$B:$B,[1]AttributeName!$D:$D),2,_xlfn.XLOOKUP(C6,#REF!,#REF!),3,_xlfn.XLOOKUP(C6,#REF!,#REF!)),0)} -> 0 | T6: {=IFERROR(_xlfn.SWITCH(L6,1,_xlfn.XLOOKUP(O6,[1]AttributeName!$B:$B,[1]AttributeName!$E:$E),2,_xlfn.XLOOKUP(C6,#REF!,#REF!),3,_xlfn.XLOOKUP(C6,#REF!,#REF!)),0)} -> 0
A7: 1 | B7: 4 | C7: 物理伤害倍率增加 | D7: 长剑 | E7: 前缀 | G7: 1 | H7: 500 | J7: {=_xlfn.SWITCH(B7,1,75,2,61,3,49,4,37,5,25,6,13,7,4,8,1)} -> 37 | K7: {=IFERROR(_xlfn.SWITCH(L7,2,_xlfn.XLOOKUP(C7,[1]ModifierDes!$B:$B,[1]ModifierDes!$C:$C),3,_xlfn.XLOOKUP(C7,[1]StuntDes!$B:$B,[1]StuntDes!$C:$C)),"")} -> 物理伤害倍率增加{0} | L7: =IF(M7="",IF(N7="",1,2),3) -> 2 | M7: =IFERROR(_xlfn.XLOOKUP(C7,[1]StuntDes!$B:$B,[1]StuntDes!$A:$A),"") | N7: =IFERROR(_xlfn.XLOOKUP(C7,[1]ModifierDes!$B:$B,[1]ModifierDes!$A:$A),"") -> 10056 | O7: =IFERROR(_xlfn.XLOOKUP(C7,[1]AttributeName!$C:$C,[1]AttributeName!$B:$B),"") | Q7: 0.32 | R7: 0.37 | S7: {=IFERROR(_xlfn.SWITCH(L7,1,_xlfn.XLOOKUP(O7,[1]AttributeName!$B:$B,[1]AttributeName!$D:$D),2,_xlfn.XLOOKUP(C7,#REF!,#REF!),3,_xlfn.XLOOKUP(C7,#REF!,#REF!)),0)} -> 0 | T7: {=IFERROR(_xlfn.SWITCH(L7,1,_xlfn.XLOOKUP(O7,[1]AttributeName!$B:$B,[1]AttributeName!$E:$E),2,_xlfn.XLOOKUP(C7,#REF!,#REF!),3,_xlfn.XLOOKUP(C7,#REF!,#REF!)),0)} -> 0
A8: 1 | B8: 5 | C8: 物理伤害倍率增加 | D8: 长剑 | E8: 前缀 | G8: 1 | H8: 1000 | J8: {=_xlfn.SWITCH(B8,1,75,2,61,3,49,4,37,5,25,6,13,7,4,8,1)} -> 25 | K8: {=IFERROR(_xlfn.SWITCH(L8,2,_xlfn.XLOOKUP(C8,[1]ModifierDes!$B:$B,[1]ModifierDes!$C:$C),3,_xlfn.XLOOKUP(C8,[1]StuntDes!$B:$B,[1]StuntDes!$C:$C)),"")} -> 物理伤害倍率增加{0} | L8: =IF(M8="",IF(N8="",1,2),3) -> 2 | M8: =IFERROR(_xlfn.XLOOKUP(C8,[1]StuntDes!$B:$B,[1]StuntDes!$A:$A),"") | N8: =IFERROR(_xlfn.XLOOKUP(C8,[1]ModifierDes!$B:$B,[1]ModifierDes!$A:$A),"") -> 10056 | O8: =IFERROR(_xlfn.XLOOKUP(C8,[1]AttributeName!$C:$C,[1]AttributeName!$B:$B),"") | Q8: 0.26 | R8: 0.31 | S8: {=IFERROR(_xlfn.SWITCH(L8,1,_xlfn.XLOOKUP(O8,[1]AttributeName!$B:$B,[1]AttributeName!$D:$D),2,_xlfn.XLOOKUP(C8,#REF!,#REF!),3,_xlfn.XLOOKUP(C8,#REF!,#REF!)),0)} -> 0 | T8: {=IFERROR(_xlfn.SWITCH(L8,1,_xlfn.XLOOKUP(O8,[1]AttributeName!$B:$B,[1]AttributeName!$E:$E),2,_xlfn.XLOOKUP(C8,#REF!,#REF!),3,_xlfn.XLOOKUP(C8,#REF!,#REF!)),0)} -> 0
A9: 1 | B9: 6 | C9: 物理伤害倍率增加 | D9: 长剑 | E9: 前缀 | G9: 1 | H9: 1000 | J9: {=_xlfn.SWITCH(B9,1,75,2,61,3,49,4,37,5,25,6,13,7,4,8,1)} -> 13 | K9: {=IFERROR(_xlfn.SWITCH(L9,2,_xlfn.XLOOKUP(C9,[1]ModifierDes!$B:$B,[1]ModifierDes!$C:$C),3,_xlfn.XLOOKUP(C9,[1]StuntDes!$B:$B,[1]StuntDes!$C:$C)),"")} -> 物理伤害倍率增加{0} | L9: =IF(M9="",IF(N9="",1,2),3) -> 2 | M9: =IFERROR(_xlfn.XLOOKUP(C9,[1]StuntDes!$B:$B,[1]StuntDes!$A:$A),"") | N9: =IFERROR(_xlfn.XLOOKUP(C9,[1]ModifierDes!$B:$B,[1]ModifierDes!$A:$A),"") -> 10056 | O9: =IFERROR(_xlfn.XLOOKUP(C9,[1]AttributeName!$C:$C,[1]AttributeName!$B:$B),"") | Q9: 0.2 | R9: 0.25 | S9: {=IFERROR(_xlfn.SWITCH(L9,1,_xlfn.XLOOKUP(O9,[1]AttributeName!$B:$B,[1]AttributeName!$D:$D),2,_xlfn.XLOOKUP(C9,#REF!,#REF!),3,_xlfn.XLOOKUP(C9,#REF!,#REF!)),0)} -> 0 | T9: {=IFERROR(_xlfn.SWITCH(L9,1,_xlfn.XLOOKUP(O9,[1]AttributeName!$B:$B,[1]AttributeName!$E:$E),2,_xlfn.XLOOKUP(C9,#REF!,#REF!),3,_xlfn.XLOOKUP(C9,#REF!,#REF!)),0)} -> 0
A10: 1 | B10: 7 | C10: 物理伤害倍率增加 | D10: 长剑 | E10: 前缀 | G10: 1 | H10: 1000 | J10: {=_xlfn.SWITCH(B10,1,75,2,61,3,49,4,37,5,25,6,13,7,4,8,1)} -> 4 | K10: {=IFERROR(_xlfn.SWITCH(L10,2,_xlfn.XLOOKUP(C10,[1]ModifierDes!$B:$B,[1]ModifierDes!$C:$C),3,_xlfn.XLOOKUP(C10,[1]StuntDes!$B:$B,[1]StuntDes!$C:$C)),"")} -> 物理伤害倍率增加{0} | L10: =IF(M10="",IF(N10="",1,2),3) -> 2 | M10: =IFERROR(_xlfn.XLOOKUP(C10,[1]StuntDes!$B:$B,[1]StuntDes!$A:$A),"") | N10: =IFERROR(_xlfn.XLOOKUP(C10,[1]ModifierDes!$B:$B,[1]ModifierDes!$A:$A),"") -> 10056 | O10: =IFERROR(_xlfn.XLOOKUP(C10,[1]AttributeName!$C:$C,[1]AttributeName!$B:$B),"") | Q10: 0.14 | R10: 0.19 | S10: {=IFERROR(_xlfn.SWITCH(L10,1,_xlfn.XLOOKUP(O10,[1]AttributeName!$B:$B,[1]AttributeName!$D:$D),2,_xlfn.XLOOKUP(C10,#REF!,#REF!),3,_xlfn.XLOOKUP(C10,#REF!,#REF!)),0)} -> 0 | T10: {=IFERROR(_xlfn.SWITCH(L10,1,_xlfn.XLOOKUP(O10,[1]AttributeName!$B:$B,[1]AttributeName!$E:$E),2,_xlfn.XLOOKUP(C10,#REF!,#REF!),3,_xlfn.XLOOKUP(C10,#REF!,#REF!)),0)} -> 0
A11: 1 | B11: 8 | C11: 物理伤害倍率增加 | D11: 长剑 | E11: 前缀 | G11: 1 | H11: 1000 | J11: {=_xlfn.SWITCH(B11,1,75,2,61,3,49,4,37,5,25,6,13,7,4,8,1)} -> 1 | K11: {=IFERROR(_xlfn.SWITCH(L11,2,_xlfn.XLOOKUP(C11,[1]ModifierDes!$B:$B,[1]ModifierDes!$C:$C),3,_xlfn.XLOOKUP(C11,[1]StuntDes!$B:$B,[1]StuntDes!$C:$C)),"")} -> 物理伤害倍率增加{0} | L11: =IF(M11="",IF(N11="",1,2),3) -> 2 | M11: =IFERROR(_xlfn.XLOOKUP(C11,[1]StuntDes!$B:$B,[1]StuntDes!$A:$A),"") | N11: =IFERROR(_xlfn.XLOOKUP(C11,[1]ModifierDes!$B:$B,[1]ModifierDes!$A:$A),"") -> 10056 | O11: =IFERROR(_xlfn.XLOOKUP(C11,[1]AttributeName!$C:$C,[1]AttributeName!$B:$B),"") | Q11: 0.08 | R11: 0.13 | S11: {=IFERROR(_xlfn.SWITCH(L11,1,_xlfn.XLOOKUP(O11,[1]AttributeName!$B:$B,[1]AttributeName!$D:$D),2,_xlfn.XLOOKUP(C11,#REF!,#REF!),3,_xlfn.XLOOKUP(C11,#REF!,#REF!)),0)} -> 0 | T11: {=IFERROR(_xlfn.SWITCH(L11,1,_xlfn.XLOOKUP(O11,[1]AttributeName!$B:$B,[1]AttributeName!$E:$E),2,_xlfn.XLOOKUP(C11,#REF!,#REF!),3,_xlfn.XLOOKUP(C11,#REF!,#REF!)),0)} -> 0
A12: =A4+1 -> 2 | B12: 1 | C12: 火焰伤害倍率增加 | D12: 长剑 | E12: 前缀 | G12: 1 | H12: 50 | J12: {=_xlfn.SWITCH(B12,1,75,2,61,3,49,4,37,5,25,6,13,7,4,8,1)} -> 75 | K12: {=IFERROR(_xlfn.SWITCH(L12,2,_xlfn.XLOOKUP(C12,[1]ModifierDes!$B:$B,[1]ModifierDes!$C:$C),3,_xlfn.XLOOKUP(C12,[1]StuntDes!$B:$B,[1]StuntDes!$C:$C)),"")} -> 火焰伤害倍率增加{0} | L12: =IF(M12="",IF(N12="",1,2),3) -> 2 | M12: =IFERROR(_xlfn.XLOOKUP(C12,[1]StuntDes!$B:$B,[1]StuntDes!$A:$A),"") | N12: =IFERROR(_xlfn.XLOOKUP(C12,[1]ModifierDes!$B:$B,[1]ModifierDes!$A:$A),"") -> 10057 | O12: =IFERROR(_xlfn.XLOOKUP(C12,[1]AttributeName!$C:$C,[1]AttributeName!$B:$B),"") | Q12: 0.5 | R12: 0.7 | S12: {=IFERROR(_xlfn.SWITCH(L12,1,_xlfn.XLOOKUP(O12,[1]AttributeName!$B:$B,[1]AttributeName!$D:$D),2,_xlfn.XLOOKUP(C12,#REF!,#REF!),3,_xlfn.XLOOKUP(C12,#REF!,#REF!)),0)} -> 0 | T12: {=IFERROR(_xlfn.SWITCH(L12,1,_xlfn.XLOOKUP(O12,[1]AttributeName!$B:$B,[1]AttributeName!$E:$E),2,_xlfn.XLOOKUP(C12,#REF!,#REF!),3,_xlfn.XLOOKUP(C12,#REF!,#REF!)),0)} -> 0
A13: =A5+1 -> 2 | B13: 2 | C13: 火焰伤害倍率增加 | D13: 长剑 | E13: 前缀 | G13: 1 | H13: 100 | J13: {=_xlfn.SWITCH(B13,1,75,2,61,3,49,4,37,5,25,6,13,7,4,8,1)} -> 61 | K13: {=IFERROR(_xlfn.SWITCH(L13,2,_xlfn.XLOOKUP(C13,[1]ModifierDes!$B:$B,[1]ModifierDes!$C:$C),3,_xlfn.XLOOKUP(C13,[1]StuntDes!$B:$B,[1]StuntDes!$C:$C)),"")} -> 火焰伤害倍率增加{0} | L13: =IF(M13="",IF(N13="",1,2),3) -> 2 | M13: =IFERROR(_xlfn.XLOOKUP(C13,[1]StuntDes!$B:$B,[1]StuntDes!$A:$A),"") | N13: =IFERROR(_xlfn.XLOOKUP(C13,[1]ModifierDes!$B:$B,[1]ModifierDes!$A:$A),"") -> 10057 | O13: =IFERROR(_xlfn.XLOOKUP(C13,[1]AttributeName!$C:$C,[1]AttributeName!$B:$B),"") | Q13: 0.44 | R13: 0.49 | S13: {=IFERROR(_xlfn.SWITCH(L13,1,_xlfn.XLOOKUP(O13,[1]AttributeName!$B:$B,[1]AttributeName!$D:$D),2,_xlfn.XLOOKUP(C13,#REF!,#REF!),3,_xlfn.XLOOKUP(C13,#REF!,#REF!)),0)} -> 0 | T13: {=IFERROR(_xlfn.SWITCH(L13,1,_xlfn.XLOOKUP(O13,[1]AttributeName!$B:$B,[1]AttributeName!$E:$E),2,_xlfn.XLOOKUP(C13,#REF!,#REF!),3,_xlfn.XLOOKUP(C13,#REF!,#REF!)),0)} -> 0
A14: =A6+1 -> 2 | B14: 3 | C14: 火焰伤害倍率增加 | D14: 长剑 | E14: 前缀 | G14: 1 | H14: 200 | J14: {=_xlfn.SWITCH(B14,1,75,2,61,3,49,4,37,5,25,6,13,7,4,8,1)} -> 49 | K14: {=IFERROR(_xlfn.SWITCH(L14,2,_xlfn.XLOOKUP(C14,[1]ModifierDes!$B:$B,[1]ModifierDes!$C:$C),3,_xlfn.XLOOKUP(C14,[1]StuntDes!$B:$B,[1]StuntDes!$C:$C)),"")} -> 火焰伤害倍率增加{0} | L14: =IF(M14="",IF(N14="",1,2),3) -> 2 | M14: =IFERROR(_xlfn.XLOOKUP(C14,[1]StuntDes!$B:$B,[1]StuntDes!$A:$A),"") | N14: =IFERROR(_xlfn.XLOOKUP(C14,[1]ModifierDes!$B:$B,[1]ModifierDes!$A:$A),"") -> 10057 | O14: =IFERROR(_xlfn.XLOOKUP(C14,[1]AttributeName!$C:$C,[1]AttributeName!$B:$B),"") | Q14: 0.38 | R14: 0.43 | S14: {=IFERROR(_xlfn.SWITCH(L14,1,_xlfn.XLOOKUP(O14,[1]AttributeName!$B:$B,[1]AttributeName!$D:$D),2,_xlfn.XLOOKUP(C14,#REF!,#REF!),3,_xlfn.XLOOKUP(C14,#REF!,#REF!)),0)} -> 0 | T14: {=IFERROR(_xlfn.SWITCH(L14,1,_xlfn.XLOOKUP(O14,[1]AttributeName!$B:$B,[1]AttributeName!$E:$E),2,_xlfn.XLOOKUP(C14,#REF!,#REF!),3,_xlfn.XLOOKUP(C14,#REF!,#REF!)),0)} -> 0
A15: =A7+1 -> 2 | B15: 4 | C15: 火焰伤害倍率增加 | D15: 长剑 | E15: 前缀 | G15: 1 | H15: 500 | J15: {=_xlfn.SWITCH(B15,1,75,2,61,3,49,4,37,5,25,6,13,7,4,8,1)} -> 37 | K15: {=IFERROR(_xlfn.SWITCH(L15,2,_xlfn.XLOOKUP(C15,[1]ModifierDes!$B:$B,[1]ModifierDes!$C:$C),3,_xlfn.XLOOKUP(C15,[1]StuntDes!$B:$B,[1]StuntDes!$C:$C)),"")} -> 火焰伤害倍率增加{0} | L15: =IF(M15="",IF(N15="",1,2),3) -> 2 | M15: =IFERROR(_xlfn.XLOOKUP(C15,[1]StuntDes!$B:$B,[1]StuntDes!$A:$A),"") | N15: =IFERROR(_xlfn.XLOOKUP(C15,[1]ModifierDes!$B:$B,[1]ModifierDes!$A:$A),"") -> 10057 | O15: =IFERROR(_xlfn.XLOOKUP(C15,[1]AttributeName!$C:$C,[1]AttributeName!$B:$B),"") | Q15: 0.32 | R15: 0.37 | S15: {=IFERROR(_xlfn.SWITCH(L15,1,_xlfn.XLOOKUP(O15,[1]AttributeName!$B:$B,[1]AttributeName!$D:$D),2,_xlfn.XLOOKUP(C15,#REF!,#REF!),3,_xlfn.XLOOKUP(C15,#REF!,#REF!)),0)} -> 0 | T15: {=IFERROR(_xlfn.SWITCH(L15,1,_xlfn.XLOOKUP(O15,[1]AttributeName!$B:$B,[1]AttributeName!$E:$E),2,_xlfn.XLOOKUP(C15,#REF!,#REF!),3,_xlfn.XLOOKUP(C15,#REF!,#REF!)),0)} -> 0
A16: =A8+1 -> 2 | B16: 5 | C16: 火焰伤害倍率增加 | D16: 长剑 | E16: 前缀 | G16: 1 | H16: 1000 | J16: {=_xlfn.SWITCH(B16,1,75,2,61,3,49,4,37,5,25,6,13,7,4,8,1)} -> 25 | K16: {=IFERROR(_xlfn.SWITCH(L16,2,_xlfn.XLOOKUP(C16,[1]ModifierDes!$B:$B,[1]ModifierDes!$C:$C),3,_xlfn.XLOOKUP(C16,[1]StuntDes!$B:$B,[1]StuntDes!$C:$C)),"")} -> 火焰伤害倍率增加{0} | L16: =IF(M16="",IF(N16="",1,2),3) -> 2 | M16: =IFERROR(_xlfn.XLOOKUP(C16,[1]StuntDes!$B:$B,[1]StuntDes!$A:$A),"") | N16: =IFERROR(_xlfn.XLOOKUP(C16,[1]ModifierDes!$B:$B,[1]ModifierDes!$A:$A),"") -> 10057 | O16: =IFERROR(_xlfn.XLOOKUP(C16,[1]AttributeName!$C:$C,[1]AttributeName!$B:$B),"") | Q16: 0.26 | R16: 0.31 | S16: {=IFERROR(_xlfn.SWITCH(L16,1,_xlfn.XLOOKUP(O16,[1]AttributeName!$B:$B,[1]AttributeName!$D:$D),2,_xlfn.XLOOKUP(C16,#REF!,#REF!),3,_xlfn.XLOOKUP(C16,#REF!,#REF!)),0)} -> 0 | T16: {=IFERROR(_xlfn.SWITCH(L16,1,_xlfn.XLOOKUP(O16,[1]AttributeName!$B:$B,[1]AttributeName!$E:$E),2,_xlfn.XLOOKUP(C16,#REF!,#REF!),3,_xlfn.XLOOKUP(C16,#REF!,#REF!)),0)} -> 0
A17: =A9+1 -> 2 | B17: 6 | C17: 火焰伤害倍率增加 | D17: 长剑 | E17: 前缀 | G17: 1 | H17: 1000 | J17: {=_xlfn.SWITCH(B17,1,75,2,61,3,49,4,37,5,25,6,13,7,4,8,1)} -> 13 | K17: {=IFERROR(_xlfn.SWITCH(L17,2,_xlfn.XLOOKUP(C17,[1]ModifierDes!$B:$B,[1]ModifierDes!$C:$C),3,_xlfn.XLOOKUP(C17,[1]StuntDes!$B:$B,[1]StuntDes!$C:$C)),"")} -> 火焰伤害倍率增加{0} | L17: =IF(M17="",IF(N17="",1,2),3) -> 2 | M17: =IFERROR(_xlfn.XLOOKUP(C17,[1]StuntDes!$B:$B,[1]StuntDes!$A:$A),"") | N17: =IFERROR(_xlfn.XLOOKUP(C17,[1]ModifierDes!$B:$B,[1]ModifierDes!$A:$A),"") -> 10057 | O17: =IFERROR(_xlfn.XLOOKUP(C17,[1]AttributeName!$C:$C,[1]AttributeName!$B:$B),"") | Q17: 0.2 | R17: 0.25 | S17: {=IFERROR(_xlfn.SWITCH(L17,1,_xlfn.XLOOKUP(O17,[1]AttributeName!$B:$B,[1]AttributeName!$D:$D),2,_xlfn.XLOOKUP(C17,#REF!,#REF!),3,_xlfn.XLOOKUP(C17,#REF!,#REF!)),0)} -> 0 | T17: {=IFERROR(_xlfn.SWITCH(L17,1,_xlfn.XLOOKUP(O17,[1]AttributeName!$B:$B,[1]AttributeName!$E:$E),2,_xlfn.XLOOKUP(C17,#REF!,#REF!),3,_xlfn.XLOOKUP(C17,#REF!,#REF!)),0)} -> 0
A18: =A10+1 -> 2 | B18: 7 | C18: 火焰伤害倍率增加 | D18: 长剑 | E18: 前缀 | G18: 1 | H18: 1000 | J18: {=_xlfn.SWITCH(B18,1,75,2,61,3,49,4,37,5,25,6,13,7,4,8,1)} -> 4 | K18: {=IFERROR(_xlfn.SWITCH(L18,2,_xlfn.XLOOKUP(C18,[1]ModifierDes!$B:$B,[1]ModifierDes!$C:$C),3,_xlfn.XLOOKUP(C18,[1]StuntDes!$B:$B,[1]StuntDes!$C:$C)),"")} -> 火焰伤害倍率增加{0} | L18: =IF(M18="",IF(N18="",1,2),3) -> 2 | M18: =IFERROR(_xlfn.XLOOKUP(C18,[1]StuntDes!$B:$B,[1]StuntDes!$A:$A),"") | N18: =IFERROR(_xlfn.XLOOKUP(C18,[1]ModifierDes!$B:$B,[1]ModifierDes!$A:$A),"") -> 10057 | O18: =IFERROR(_xlfn.XLOOKUP(C18,[1]AttributeName!$C:$C,[1]AttributeName!$B:$B),"") | Q18: 0.14 | R18: 0.19 | S18: {=IFERROR(_xlfn.SWITCH(L18,1,_xlfn.XLOOKUP(O18,[1]AttributeName!$B:$B,[1]AttributeName!$D:$D),2,_xlfn.XLOOKUP(C18,#REF!,#REF!),3,_xlfn.XLOOKUP(C18,#REF!,#REF!)),0)} -> 0 | T18: {=IFERROR(_xlfn.SWITCH(L18,1,_xlfn.XLOOKUP(O18,[1]AttributeName!$B:$B,[1]AttributeName!$E:$E),2,_xlfn.XLOOKUP(C18,#REF!,#REF!),3,_xlfn.XLOOKUP(C18,#REF!,#REF!)),0)} -> 0
A19: =A11+1 -> 2 | B19: 8 | C19: 火焰伤害倍率增加 | D19: 长剑 | E19: 前缀 | G19: 1 | H19: 1000 | J19: {=_xlfn.SWITCH(B19,1,75,2,61,3,49,4,37,5,25,6,13,7,4,8,1)} -> 1 | K19: {=IFERROR(_xlfn.SWITCH(L19,2,_xlfn.XLOOKUP(C19,[1]ModifierDes!$B:$B,[1]ModifierDes!$C:$C),3,_xlfn.XLOOKUP(C19,[1]StuntDes!$B:$B,[1]StuntDes!$C:$C)),"")} -> 火焰伤害倍率增加{0} | L19: =IF(M19="",IF(N19="",1,2),3) -> 2 | M19: =IFERROR(_xlfn.XLOOKUP(C19,[1]StuntDes!$B:$B,[1]StuntDes!$A:$A),"") | N19: =IFERROR(_xlfn.XLOOKUP(C19,[1]ModifierDes!$B:$B,[1]ModifierDes!$A:$A),"") -> 10057 | O19: =IFERROR(_xlfn.XLOOKUP(C19,[1]AttributeName!$C:$C,[1]AttributeName!$B:$B),"") | Q19: 0.08 | R19: 0.13 | S19: {=IFERROR(_xlfn.SWITCH(L19,1,_xlfn.XLOOKUP(O19,[1]AttributeName!$B:$B,[1]AttributeName!$D:$D),2,_xlfn.XLOOKUP(C19,#REF!,#REF!),3,_xlfn.XLOOKUP(C19,#REF!,#REF!)),0)} -> 0 | T19: {=IFERROR(_xlfn.SWITCH(L19,1,_xlfn.XLOOKUP(O19,[1]AttributeName!$B:$B,[1]AttributeName!$E:$E),2,_xlfn.XLOOKUP(C19,#REF!,#REF!),3,_xlfn.XLOOKUP(C19,#REF!,#REF!)),0)} -> 0
A20: =A12+1 -> 3 | B20: 1 | C20: 冰冷伤害倍率增加 | D20: 长剑 | E20: 前缀 | G20: 1 | H20: 50 | J20: {=_xlfn.SWITCH(B20,1,75,2,61,3,49,4,37,5,25,6,13,7,4,8,1)} -> 75 | K20: {=IFERROR(_xlfn.SWITCH(L20,2,_xlfn.XLOOKUP(C20,[1]ModifierDes!$B:$B,[1]ModifierDes!$C:$C),3,_xlfn.XLOOKUP(C20,[1]StuntDes!$B:$B,[1]StuntDes!$C:$C)),"")} -> 冰冷伤害倍率增加{0} | L20: =IF(M20="",IF(N20="",1,2),3) -> 2 | M20: =IFERROR(_xlfn.XLOOKUP(C20,[1]StuntDes!$B:$B,[1]StuntDes!$A:$A),"") | N20: =IFERROR(_xlfn.XLOOKUP(C20,[1]ModifierDes!$B:$B,[1]ModifierDes!$A:$A),"") -> 10058 | O20: =IFERROR(_xlfn.XLOOKUP(C20,[1]AttributeName!$C:$C,[1]AttributeName!$B:$B),"") | Q20: 0.5 | R20: 0.7 | S20: {=IFERROR(_xlfn.SWITCH(L20,1,_xlfn.XLOOKUP(O20,[1]AttributeName!$B:$B,[1]AttributeName!$D:$D),2,_xlfn.XLOOKUP(C20,#REF!,#REF!),3,_xlfn.XLOOKUP(C20,#REF!,#REF!)),0)} -> 0 | T20: {=IFERROR(_xlfn.SWITCH(L20,1,_xlfn.XLOOKUP(O20,[1]AttributeName!$B:$B,[1]AttributeName!$E:$E),2,_xlfn.XLOOKUP(C20,#REF!,#REF!),3,_xlfn.XLOOKUP(C20,#REF!,#REF!)),0)} -> 0
A21: =A13+1 -> 3 | B21: 2 | C21: 冰冷伤害倍率增加 | D21: 长剑 | E21: 前缀 | G21: 1 | H21: 100 | J21: {=_xlfn.SWITCH(B21,1,75,2,61,3,49,4,37,5,25,6,13,7,4,8,1)} -> 61 | K21: {=IFERROR(_xlfn.SWITCH(L21,2,_xlfn.XLOOKUP(C21,[1]ModifierDes!$B:$B,[1]ModifierDes!$C:$C),3,_xlfn.XLOOKUP(C21,[1]StuntDes!$B:$B,[1]StuntDes!$C:$C)),"")} -> 冰冷伤害倍率增加{0} | L21: =IF(M21="",IF(N21="",1,2),3) -> 2 | M21: =IFERROR(_xlfn.XLOOKUP(C21,[1]StuntDes!$B:$B,[1]StuntDes!$A:$A),"") | N21: =IFERROR(_xlfn.XLOOKUP(C21,[1]ModifierDes!$B:$B,[1]ModifierDes!$A:$A),"") -> 10058 | O21: =IFERROR(_xlfn.XLOOKUP(C21,[1]AttributeName!$C:$C,[1]AttributeName!$B:$B),"") | Q21: 0.44 | R21: 0.49 | S21: {=IFERROR(_xlfn.SWITCH(L21,1,_xlfn.XLOOKUP(O21,[1]AttributeName!$B:$B,[1]AttributeName!$D:$D),2,_xlfn.XLOOKUP(C21,#REF!,#REF!),3,_xlfn.XLOOKUP(C21,#REF!,#REF!)),0)} -> 0 | T21: {=IFERROR(_xlfn.SWITCH(L21,1,_xlfn.XLOOKUP(O21,[1]AttributeName!$B:$B,[1]AttributeName!$E:$E),2,_xlfn.XLOOKUP(C21,#REF!,#REF!),3,_xlfn.XLOOKUP(C21,#REF!,#REF!)),0)} -> 0
A22: =A14+1 -> 3 | B22: 3 | C22: 冰冷伤害倍率增加 | D22: 长剑 | E22: 前缀 | G22: 1 | H22: 200 | J22: {=_xlfn.SWITCH(B22,1,75,2,61,3,49,4,37,5,25,6,13,7,4,8,1)} -> 49 | K22: {=IFERROR(_xlfn.SWITCH(L22,2,_xlfn.XLOOKUP(C22,[1]ModifierDes!$B:$B,[1]ModifierDes!$C:$C),3,_xlfn.XLOOKUP(C22,[1]StuntDes!$B:$B,[1]StuntDes!$C:$C)),"")} -> 冰冷伤害倍率增加{0} | L22: =IF(M22="",IF(N22="",1,2),3) -> 2 | M22: =IFERROR(_xlfn.XLOOKUP(C22,[1]StuntDes!$B:$B,[1]StuntDes!$A:$A),"") | N22: =IFERROR(_xlfn.XLOOKUP(C22,[1]ModifierDes!$B:$B,[1]ModifierDes!$A:$A),"") -> 10058 | O22: =IFERROR(_xlfn.XLOOKUP(C22,[1]AttributeName!$C:$C,[1]AttributeName!$B:$B),"") | Q22: 0.38 | R22: 0.43 | S22: {=IFERROR(_xlfn.SWITCH(L22,1,_xlfn.XLOOKUP(O22,[1]AttributeName!$B:$B,[1]AttributeName!$D:$D),2,_xlfn.XLOOKUP(C22,#REF!,#REF!),3,_xlfn.XLOOKUP(C22,#REF!,#REF!)),0)} -> 0 | T22: {=IFERROR(_xlfn.SWITCH(L22,1,_xlfn.XLOOKUP(O22,[1]AttributeName!$B:$B,[1]AttributeName!$E:$E),2,_xlfn.XLOOKUP(C22,#REF!,#REF!),3,_xlfn.XLOOKUP(C22,#REF!,#REF!)),0)} -> 0
A23: =A15+1 -> 3 | B23: 4 | C23: 冰冷伤害倍率增加 | D23: 长剑 | E23: 前缀 | G23: 1 | H23: 500 | J23: {=_xlfn.SWITCH(B23,1,75,2,61,3,49,4,37,5,25,6,13,7,4,8,1)} -> 37 | K23: {=IFERROR(_xlfn.SWITCH(L23,2,_xlfn.XLOOKUP(C23,[1]ModifierDes!$B:$B,[1]ModifierDes!$C:$C),3,_xlfn.XLOOKUP(C23,[1]StuntDes!$B:$B,[1]StuntDes!$C:$C)),"")} -> 冰冷伤害倍率增加{0} | L23: =IF(M23="",IF(N23="",1,2),3) -> 2 | M23: =IFERROR(_xlfn.XLOOKUP(C23,[1]StuntDes!$B:$B,[1]StuntDes!$A:$A),"") | N23: =IFERROR(_xlfn.XLOOKUP(C23,[1]ModifierDes!$B:$B,[1]ModifierDes!$A:$A),"") -> 10058 | O23: =IFERROR(_xlfn.XLOOKUP(C23,[1]AttributeName!$C:$C,[1]AttributeName!$B:$B),"") | Q23: 0.32 | R23: 0.37 | S23: {=IFERROR(_xlfn.SWITCH(L23,1,_xlfn.XLOOKUP(O23,[1]AttributeName!$B:$B,[1]AttributeName!$D:$D),2,_xlfn.XLOOKUP(C23,#REF!,#REF!),3,_xlfn.XLOOKUP(C23,#REF!,#REF!)),0)} -> 0 | T23: {=IFERROR(_xlfn.SWITCH(L23,1,_xlfn.XLOOKUP(O23,[1]AttributeName!$B:$B,[1]AttributeName!$E:$E),2,_xlfn.XLOOKUP(C23,#REF!,#REF!),3,_xlfn.XLOOKUP(C23,#REF!,#REF!)),0)} -> 0
... A107: =A99+1 -> 13 | B107: 8 | C107: 命中率 | D107: 长剑 | E107: 前缀 | G107: 1 | H107: 1000 | J107: {=_xlfn.SWITCH(B107,1,75,2,61,3,49,4,37,5,25,6,13,7,4,8,1)} -> 1 | K107: {=IFERROR(_xlfn.SWITCH(L107,2,_xlfn.XLOOKUP(C107,[1]ModifierDes!$B:$B,[1]ModifierDes!$C:$C),3,_xlfn.XLOOKUP(C107,[1]StuntDes!$B:$B,[1]StuntDes!$C:$C)),"")} | L107: =IF(M107="",IF(N107="",1,2),3) -> 1 | M107: =IFERROR(_xlfn.XLOOKUP(C107,[1]StuntDes!$B:$B,[1]StuntDes!$A:$A),"") | N107: =IFERROR(_xlfn.XLOOKUP(C107,[1]ModifierDes!$B:$B,[1]ModifierDes!$A:$A),"") | O107: =IFERROR(_xlfn.XLOOKUP(C107,[1]AttributeName!$C:$C,[1]AttributeName!$B:$B),"") -> 10009 | Q107: 0.03 | R107: 0.04 | S107: {=IFERROR(_xlfn.SWITCH(L107,1,_xlfn.XLOOKUP(O107,[1]AttributeName!$B:$B,[1]AttributeName!$D:$D),2,_xlfn.XLOOKUP(C107,#REF!,#REF!),3,_xlfn.XLOOKUP(C107,#REF!,#REF!)),0)} -> 2 | T107: {=IFERROR(_xlfn.SWITCH(L107,1,_xlfn.XLOOKUP(O107,[1]AttributeName!$B:$B,[1]AttributeName!$E:$E),2,_xlfn.XLOOKUP(C107,#REF!,#REF!),3,_xlfn.XLOOKUP(C107,#REF!,#REF!)),0)} -> 2
A108: 51 | B108: 1 | C108: 魔力回复率提高 | D108: 长剑 | E108: 后缀 | G108: 2 | H108: 1000 | J108: {=_xlfn.SWITCH(B108,1,75,2,61,3,49,4,37,5,25,6,13,7,4,8,1)} -> 75 | K108: {=IFERROR(_xlfn.SWITCH(L108,2,_xlfn.XLOOKUP(C108,[1]ModifierDes!$B:$B,[1]ModifierDes!$C:$C),3,_xlfn.XLOOKUP(C108,[1]StuntDes!$B:$B,[1]StuntDes!$C:$C)),"")} -> 魔力回复率提高{0} | L108: =IF(M108="",IF(N108="",1,2),3) -> 2 | M108: =IFERROR(_xlfn.XLOOKUP(C108,[1]StuntDes!$B:$B,[1]StuntDes!$A:$A),"") | N108: =IFERROR(_xlfn.XLOOKUP(C108,[1]ModifierDes!$B:$B,[1]ModifierDes!$A:$A),"") -> 10116 | O108: =IFERROR(_xlfn.XLOOKUP(C108,[1]AttributeName!$C:$C,[1]AttributeName!$B:$B),"") | Q108: 0.36 | R108: 0.4 | S108: {=IFERROR(_xlfn.SWITCH(L108,1,_xlfn.XLOOKUP(O108,[1]AttributeName!$B:$B,[1]AttributeName!$D:$D),2,_xlfn.XLOOKUP(C108,#REF!,#REF!),3,_xlfn.XLOOKUP(C108,#REF!,#REF!)),0)} -> 0 | T108: {=IFERROR(_xlfn.SWITCH(L108,1,_xlfn.XLOOKUP(O108,[1]AttributeName!$B:$B,[1]AttributeName!$E:$E),2,_xlfn.XLOOKUP(C108,#REF!,#REF!),3,_xlfn.XLOOKUP(C108,#REF!,#REF!)),0)} -> 0
A109: 51 | B109: 2 | C109: 魔力回复率提高 | D109: 长剑 | E109: 后缀 | G109: 2 | H109: 1000 | J109: {=_xlfn.SWITCH(B109,1,75,2,61,3,49,4,37,5,25,6,13,7,4,8,1)} -> 61 | K109: {=IFERROR(_xlfn.SWITCH(L109,2,_xlfn.XLOOKUP(C109,[1]ModifierDes!$B:$B,[1]ModifierDes!$C:$C),3,_xlfn.XLOOKUP(C109,[1]StuntDes!$B:$B,[1]StuntDes!$C:$C)),"")} -> 魔力回复率提高{0} | L109: =IF(M109="",IF(N109="",1,2),3) -> 2 | M109: =IFERROR(_xlfn.XLOOKUP(C109,[1]StuntDes!$B:$B,[1]StuntDes!$A:$A),"") | N109: =IFERROR(_xlfn.XLOOKUP(C109,[1]ModifierDes!$B:$B,[1]ModifierDes!$A:$A),"") -> 10116 | O109: =IFERROR(_xlfn.XLOOKUP(C109,[1]AttributeName!$C:$C,[1]AttributeName!$B:$B),"") | Q109: 0.31 | R109: 0.35 | S109: {=IFERROR(_xlfn.SWITCH(L109,1,_xlfn.XLOOKUP(O109,[1]AttributeName!$B:$B,[1]AttributeName!$D:$D),2,_xlfn.XLOOKUP(C109,#REF!,#REF!),3,_xlfn.XLOOKUP(C109,#REF!,#REF!)),0)} -> 0 | T109: {=IFERROR(_xlfn.SWITCH(L109,1,_xlfn.XLOOKUP(O109,[1]AttributeName!$B:$B,[1]AttributeName!$E:$E),2,_xlfn.XLOOKUP(C109,#REF!,#REF!),3,_xlfn.XLOOKUP(C109,#REF!,#REF!)),0)} -> 0
A110: 51 | B110: 3 | C110: 魔力回复率提高 | D110: 长剑 | E110: 后缀 | G110: 2 | H110: 1000 | J110: {=_xlfn.SWITCH(B110,1,75,2,61,3,49,4,37,5,25,6,13,7,4,8,1)} -> 49 | K110: {=IFERROR(_xlfn.SWITCH(L110,2,_xlfn.XLOOKUP(C110,[1]ModifierDes!$B:$B,[1]ModifierDes!$C:$C),3,_xlfn.XLOOKUP(C110,[1]StuntDes!$B:$B,[1]StuntDes!$C:$C)),"")} -> 魔力回复率提高{0} | L110: =IF(M110="",IF(N110="",1,2),3) -> 2 | M110: =IFERROR(_xlfn.XLOOKUP(C110,[1]StuntDes!$B:$B,[1]StuntDes!$A:$A),"") | N110: =IFERROR(_xlfn.XLOOKUP(C110,[1]ModifierDes!$B:$B,[1]ModifierDes!$A:$A),"") -> 10116 | O110: =IFERROR(_xlfn.XLOOKUP(C110,[1]AttributeName!$C:$C,[1]AttributeName!$B:$B),"") | Q110: 0.26 | R110: 0.3 | S110: {=IFERROR(_xlfn.SWITCH(L110,1,_xlfn.XLOOKUP(O110,[1]AttributeName!$B:$B,[1]AttributeName!$D:$D),2,_xlfn.XLOOKUP(C110,#REF!,#REF!),3,_xlfn.XLOOKUP(C110,#REF!,#REF!)),0)} -> 0 | T110: {=IFERROR(_xlfn.SWITCH(L110,1,_xlfn.XLOOKUP(O110,[1]AttributeName!$B:$B,[1]AttributeName!$E:$E),2,_xlfn.XLOOKUP(C110,#REF!,#REF!),3,_xlfn.XLOOKUP(C110,#REF!,#REF!)),0)} -> 0
A111: 51 | B111: 4 | C111: 魔力回复率提高 | D111: 长剑 | E111: 后缀 | G111: 2 | H111: 1000 | J111: {=_xlfn.SWITCH(B111,1,75,2,61,3,49,4,37,5,25,6,13,7,4,8,1)} -> 37 | K111: {=IFERROR(_xlfn.SWITCH(L111,2,_xlfn.XLOOKUP(C111,[1]ModifierDes!$B:$B,[1]ModifierDes!$C:$C),3,_xlfn.XLOOKUP(C111,[1]StuntDes!$B:$B,[1]StuntDes!$C:$C)),"")} -> 魔力回复率提高{0} | L111: =IF(M111="",IF(N111="",1,2),3) -> 2 | M111: =IFERROR(_xlfn.XLOOKUP(C111,[1]StuntDes!$B:$B,[1]StuntDes!$A:$A),"") | N111: =IFERROR(_xlfn.XLOOKUP(C111,[1]ModifierDes!$B:$B,[1]ModifierDes!$A:$A),"") -> 10116 | O111: =IFERROR(_xlfn.XLOOKUP(C111,[1]AttributeName!$C:$C,[1]AttributeName!$B:$B),"") | Q111: 0.21 | R111: 0.25 | S111: {=IFERROR(_xlfn.SWITCH(L111,1,_xlfn.XLOOKUP(O111,[1]AttributeName!$B:$B,[1]AttributeName!$D:$D),2,_xlfn.XLOOKUP(C111,#REF!,#REF!),3,_xlfn.XLOOKUP(C111,#REF!,#REF!)),0)} -> 0 | T111: {=IFERROR(_xlfn.SWITCH(L111,1,_xlfn.XLOOKUP(O111,[1]AttributeName!$B:$B,[1]AttributeName!$E:$E),2,_xlfn.XLOOKUP(C111,#REF!,#REF!),3,_xlfn.XLOOKUP(C111,#REF!,#REF!)),0)} -> 0
A112: 51 | B112: 5 | C112: 魔力回复率提高 | D112: 长剑 | E112: 后缀 | G112: 2 | H112: 1000 | J112: {=_xlfn.SWITCH(B112,1,75,2,61,3,49,4,37,5,25,6,13,7,4,8,1)} -> 25 | K112: {=IFERROR(_xlfn.SWITCH(L112,2,_xlfn.XLOOKUP(C112,[1]ModifierDes!$B:$B,[1]ModifierDes!$C:$C),3,_xlfn.XLOOKUP(C112,[1]StuntDes!$B:$B,[1]StuntDes!$C:$C)),"")} -> 魔力回复率提高{0} | L112: =IF(M112="",IF(N112="",1,2),3) -> 2 | M112: =IFERROR(_xlfn.XLOOKUP(C112,[1]StuntDes!$B:$B,[1]StuntDes!$A:$A),"") | N112: =IFERROR(_xlfn.XLOOKUP(C112,[1]ModifierDes!$B:$B,[1]ModifierDes!$A:$A),"") -> 10116 | O112: =IFERROR(_xlfn.XLOOKUP(C112,[1]AttributeName!$C:$C,[1]AttributeName!$B:$B),"") | Q112: 0.16 | R112: 0.2 | S112: {=IFERROR(_xlfn.SWITCH(L112,1,_xlfn.XLOOKUP(O112,[1]AttributeName!$B:$B,[1]AttributeName!$D:$D),2,_xlfn.XLOOKUP(C112,#REF!,#REF!),3,_xlfn.XLOOKUP(C112,#REF!,#REF!)),0)} -> 0 | T112: {=IFERROR(_xlfn.SWITCH(L112,1,_xlfn.XLOOKUP(O112,[1]AttributeName!$B:$B,[1]AttributeName!$E:$E),2,_xlfn.XLOOKUP(C112,#REF!,#REF!),3,_xlfn.XLOOKUP(C112,#REF!,#REF!)),0)} -> 0
A113: 51 | B113: 6 | C113: 魔力回复率提高 | D113: 长剑 | E113: 后缀 | G113: 2 | H113: 1000 | J113: {=_xlfn.SWITCH(B113,1,75,2,61,3,49,4,37,5,25,6,13,7,4,8,1)} -> 13 | K113: {=IFERROR(_xlfn.SWITCH(L113,2,_xlfn.XLOOKUP(C113,[1]ModifierDes!$B:$B,[1]ModifierDes!$C:$C),3,_xlfn.XLOOKUP(C113,[1]StuntDes!$B:$B,[1]StuntDes!$C:$C)),"")} -> 魔力回复率提高{0} | L113: =IF(M113="",IF(N113="",1,2),3) -> 2 | M113: =IFERROR(_xlfn.XLOOKUP(C113,[1]StuntDes!$B:$B,[1]StuntDes!$A:$A),"") | N113: =IFERROR(_xlfn.XLOOKUP(C113,[1]ModifierDes!$B:$B,[1]ModifierDes!$A:$A),"") -> 10116 | O113: =IFERROR(_xlfn.XLOOKUP(C113,[1]AttributeName!$C:$C,[1]AttributeName!$B:$B),"") | Q113: 0.11 | R113: 0.15 | S113: {=IFERROR(_xlfn.SWITCH(L113,1,_xlfn.XLOOKUP(O113,[1]AttributeName!$B:$B,[1]AttributeName!$D:$D),2,_xlfn.XLOOKUP(C113,#REF!,#REF!),3,_xlfn.XLOOKUP(C113,#REF!,#REF!)),0)} -> 0 | T113: {=IFERROR(_xlfn.SWITCH(L113,1,_xlfn.XLOOKUP(O113,[1]AttributeName!$B:$B,[1]AttributeName!$E:$E),2,_xlfn.XLOOKUP(C113,#REF!,#REF!),3,_xlfn.XLOOKUP(C113,#REF!,#REF!)),0)} -> 0
A114: 51 | B114: 7 | C114: 魔力回复率提高 | D114: 长剑 | E114: 后缀 | G114: 2 | H114: 1000 | J114: {=_xlfn.SWITCH(B114,1,75,2,61,3,49,4,37,5,25,6,13,7,4,8,1)} -> 4 | K114: {=IFERROR(_xlfn.SWITCH(L114,2,_xlfn.XLOOKUP(C114,[1]ModifierDes!$B:$B,[1]ModifierDes!$C:$C),3,_xlfn.XLOOKUP(C114,[1]StuntDes!$B:$B,[1]StuntDes!$C:$C)),"")} -> 魔力回复率提高{0} | L114: =IF(M114="",IF(N114="",1,2),3) -> 2 | M114: =IFERROR(_xlfn.XLOOKUP(C114,[1]StuntDes!$B:$B,[1]StuntDes!$A:$A),"") | N114: =IFERROR(_xlfn.XLOOKUP(C114,[1]ModifierDes!$B:$B,[1]ModifierDes!$A:$A),"") -> 10116 | O114: =IFERROR(_xlfn.XLOOKUP(C114,[1]AttributeName!$C:$C,[1]AttributeName!$B:$B),"") | Q114: 0.05 | R114: 0.1 | S114: {=IFERROR(_xlfn.SWITCH(L114,1,_xlfn.XLOOKUP(O114,[1]AttributeName!$B:$B,[1]AttributeName!$D:$D),2,_xlfn.XLOOKUP(C114,#REF!,#REF!),3,_xlfn.XLOOKUP(C114,#REF!,#REF!)),0)} -> 0 | T114: {=IFERROR(_xlfn.SWITCH(L114,1,_xlfn.XLOOKUP(O114,[1]AttributeName!$B:$B,[1]AttributeName!$E:$E),2,_xlfn.XLOOKUP(C114,#REF!,#REF!),3,_xlfn.XLOOKUP(C114,#REF!,#REF!)),0)} -> 0
A115: 51 | B115: 8 | C115: 魔力回复率提高 | D115: 长剑 | E115: 后缀 | G115: 2 | H115: 1000 | J115: {=_xlfn.SWITCH(B115,1,75,2,61,3,49,4,37,5,25,6,13,7,4,8,1)} -> 1 | K115: {=IFERROR(_xlfn.SWITCH(L115,2,_xlfn.XLOOKUP(C115,[1]ModifierDes!$B:$B,[1]ModifierDes!$C:$C),3,_xlfn.XLOOKUP(C115,[1]StuntDes!$B:$B,[1]StuntDes!$C:$C)),"")} -> 魔力回复率提高{0} | L115: =IF(M115="",IF(N115="",1,2),3) -> 2 | M115: =IFERROR(_xlfn.XLOOKUP(C115,[1]StuntDes!$B:$B,[1]StuntDes!$A:$A),"") | N115: =IFERROR(_xlfn.XLOOKUP(C115,[1]ModifierDes!$B:$B,[1]ModifierDes!$A:$A),"") -> 10116 | O115: =IFERROR(_xlfn.XLOOKUP(C115,[1]AttributeName!$C:$C,[1]AttributeName!$B:$B),"") | Q115: 0.03 | R115: 0.04 | S115: {=IFERROR(_xlfn.SWITCH(L115,1,_xlfn.XLOOKUP(O115,[1]AttributeName!$B:$B,[1]AttributeName!$D:$D),2,_xlfn.XLOOKUP(C115,#REF!,#REF!),3,_xlfn.XLOOKUP(C115,#REF!,#REF!)),0)} -> 0 | T115: {=IFERROR(_xlfn.SWITCH(L115,1,_xlfn.XLOOKUP(O115,[1]AttributeName!$B:$B,[1]AttributeName!$E:$E),2,_xlfn.XLOOKUP(C115,#REF!,#REF!),3,_xlfn.XLOOKUP(C115,#REF!,#REF!)),0)} -> 0
A116: 52 | B116: 2 | C116: 攻击技能等级 | D116: 长剑 | E116: 后缀 | G116: 2 | H116: 50 | I116: 2 | J116: {=_xlfn.SWITCH(B116,1,75,2,61,3,49,4,37,5,25,6,13,7,4,8,1)} -> 61 | K116: {=IFERROR(_xlfn.SWITCH(L116,2,_xlfn.XLOOKUP(C116,[1]ModifierDes!$B:$B,[1]ModifierDes!$C:$C),3,_xlfn.XLOOKUP(C116,[1]StuntDes!$B:$B,[1]StuntDes!$C:$C)),"")} | L116: =IF(M116="",IF(N116="",1,2),3) -> 1 | M116: =IFERROR(_xlfn.XLOOKUP(C116,[1]StuntDes!$B:$B,[1]StuntDes!$A:$A),"") | N116: =IFERROR(_xlfn.XLOOKUP(C116,[1]ModifierDes!$B:$B,[1]ModifierDes!$A:$A),"") | O116: =IFERROR(_xlfn.XLOOKUP(C116,[1]AttributeName!$C:$C,[1]AttributeName!$B:$B),"") -> 10401 | Q116: 4 | R116: 5 | S116: {=IFERROR(_xlfn.SWITCH(L116,1,_xlfn.XLOOKUP(O116,[1]AttributeName!$B:$B,[1]AttributeName!$D:$D),2,_xlfn.XLOOKUP(C116,#REF!,#REF!),3,_xlfn.XLOOKUP(C116,#REF!,#REF!)),0)} -> 0 | T116: {=IFERROR(_xlfn.SWITCH(L116,1,_xlfn.XLOOKUP(O116,[1]AttributeName!$B:$B,[1]AttributeName!$E:$E),2,_xlfn.XLOOKUP(C116,#REF!,#REF!),3,_xlfn.XLOOKUP(C116,#REF!,#REF!)),0)} -> 1
A117: 52 | B117: 4 | C117: 攻击技能等级 | D117: 长剑 | E117: 后缀 | G117: 2 | H117: 100 | I117: 2 | J117: {=_xlfn.SWITCH(B117,1,75,2,61,3,49,4,37,5,25,6,13,7,4,8,1)} -> 37 | K117: {=IFERROR(_xlfn.SWITCH(L117,2,_xlfn.XLOOKUP(C117,[1]ModifierDes!$B:$B,[1]ModifierDes!$C:$C),3,_xlfn.XLOOKUP(C117,[1]StuntDes!$B:$B,[1]StuntDes!$C:$C)),"")} | L117: =IF(M117="",IF(N117="",1,2),3) -> 1 | M117: =IFERROR(_xlfn.XLOOKUP(C117,[1]StuntDes!$B:$B,[1]StuntDes!$A:$A),"") | N117: =IFERROR(_xlfn.XLOOKUP(C117,[1]ModifierDes!$B:$B,[1]ModifierDes!$A:$A),"") | O117: =IFERROR(_xlfn.XLOOKUP(C117,[1]AttributeName!$C:$C,[1]AttributeName!$B:$B),"") -> 10401 | Q117: 2 | R117: 3 | S117: {=IFERROR(_xlfn.SWITCH(L117,1,_xlfn.XLOOKUP(O117,[1]AttributeName!$B:$B,[1]AttributeName!$D:$D),2,_xlfn.XLOOKUP(C117,#REF!,#REF!),3,_xlfn.XLOOKUP(C117,#REF!,#REF!)),0)} -> 0 | T117: {=IFERROR(_xlfn.SWITCH(L117,1,_xlfn.XLOOKUP(O117,[1]AttributeName!$B:$B,[1]AttributeName!$E:$E),2,_xlfn.XLOOKUP(C117,#REF!,#REF!),3,_xlfn.XLOOKUP(C117,#REF!,#REF!)),0)} -> 1
A118: 52 | B118: 6 | C118: 攻击技能等级 | D118: 长剑 | E118: 后缀 | G118: 2 | H118: 200 | I118: 2 | J118: {=_xlfn.SWITCH(B118,1,75,2,61,3,49,4,37,5,25,6,13,7,4,8,1)} -> 13 | K118: {=IFERROR(_xlfn.SWITCH(L118,2,_xlfn.XLOOKUP(C118,[1]ModifierDes!$B:$B,[1]ModifierDes!$C:$C),3,_xlfn.XLOOKUP(C118,[1]StuntDes!$B:$B,[1]StuntDes!$C:$C)),"")} | L118: =IF(M118="",IF(N118="",1,2),3) -> 1 | M118: =IFERROR(_xlfn.XLOOKUP(C118,[1]StuntDes!$B:$B,[1]StuntDes!$A:$A),"") | N118: =IFERROR(_xlfn.XLOOKUP(C118,[1]ModifierDes!$B:$B,[1]ModifierDes!$A:$A),"") | O118: =IFERROR(_xlfn.XLOOKUP(C118,[1]AttributeName!$C:$C,[1]AttributeName!$B:$B),"") -> 10401 | Q118: 1 | R118: 1 | S118: {=IFERROR(_xlfn.SWITCH(L118,1,_xlfn.XLOOKUP(O118,[1]AttributeName!$B:$B,[1]AttributeName!$D:$D),2,_xlfn.XLOOKUP(C118,#REF!,#REF!),3,_xlfn.XLOOKUP(C118,#REF!,#REF!)),0)} -> 0 | T118: {=IFERROR(_xlfn.SWITCH(L118,1,_xlfn.XLOOKUP(O118,[1]AttributeName!$B:$B,[1]AttributeName!$E:$E),2,_xlfn.XLOOKUP(C118,#REF!,#REF!),3,_xlfn.XLOOKUP(C118,#REF!,#REF!)),0)} -> 1
A119: =A116+1 -> 53 | B119: 1 | C119: 物理技能等级 | D119: 长剑 | E119: 后缀 | G119: 2 | H119: 100 | I119: 2 | J119: {=_xlfn.SWITCH(B119,1,75,2,61,3,49,4,37,5,25,6,13,7,4,8,1)} -> 75 | K119: {=IFERROR(_xlfn.SWITCH(L119,2,_xlfn.XLOOKUP(C119,[1]ModifierDes!$B:$B,[1]ModifierDes!$C:$C),3,_xlfn.XLOOKUP(C119,[1]StuntDes!$B:$B,[1]StuntDes!$C:$C)),"")} | L119: =IF(M119="",IF(N119="",1,2),3) -> 1 | M119: =IFERROR(_xlfn.XLOOKUP(C119,[1]StuntDes!$B:$B,[1]StuntDes!$A:$A),"") | N119: =IFERROR(_xlfn.XLOOKUP(C119,[1]ModifierDes!$B:$B,[1]ModifierDes!$A:$A),"") | O119: =IFERROR(_xlfn.XLOOKUP(C119,[1]AttributeName!$C:$C,[1]AttributeName!$B:$B),"") -> 10403 | Q119: 4 | R119: 6 | S119: {=IFERROR(_xlfn.SWITCH(L119,1,_xlfn.XLOOKUP(O119,[1]AttributeName!$B:$B,[1]AttributeName!$D:$D),2,_xlfn.XLOOKUP(C119,#REF!,#REF!),3,_xlfn.XLOOKUP(C119,#REF!,#REF!)),0)} -> 0 | T119: {=IFERROR(_xlfn.SWITCH(L119,1,_xlfn.XLOOKUP(O119,[1]AttributeName!$B:$B,[1]AttributeName!$E:$E),2,_xlfn.XLOOKUP(C119,#REF!,#REF!),3,_xlfn.XLOOKUP(C119,#REF!,#REF!)),0)} -> 1
A120: =A117+1 -> 53 | B120: 3 | C120: 物理技能等级 | D120: 长剑 | E120: 后缀 | G120: 2 | H120: 200 | I120: 2 | J120: {=_xlfn.SWITCH(B120,1,75,2,61,3,49,4,37,5,25,6,13,7,4,8,1)} -> 49 | K120: {=IFERROR(_xlfn.SWITCH(L120,2,_xlfn.XLOOKUP(C120,[1]ModifierDes!$B:$B,[1]ModifierDes!$C:$C),3,_xlfn.XLOOKUP(C120,[1]StuntDes!$B:$B,[1]StuntDes!$C:$C)),"")} | L120: =IF(M120="",IF(N120="",1,2),3) -> 1 | M120: =IFERROR(_xlfn.XLOOKUP(C120,[1]StuntDes!$B:$B,[1]StuntDes!$A:$A),"") | N120: =IFERROR(_xlfn.XLOOKUP(C120,[1]ModifierDes!$B:$B,[1]ModifierDes!$A:$A),"") | O120: =IFERROR(_xlfn.XLOOKUP(C120,[1]AttributeName!$C:$C,[1]AttributeName!$B:$B),"") -> 10403 | Q120: 2 | R120: 3 | S120: {=IFERROR(_xlfn.SWITCH(L120,1,_xlfn.XLOOKUP(O120,[1]AttributeName!$B:$B,[1]AttributeName!$D:$D),2,_xlfn.XLOOKUP(C120,#REF!,#REF!),3,_xlfn.XLOOKUP(C120,#REF!,#REF!)),0)} -> 0 | T120: {=IFERROR(_xlfn.SWITCH(L120,1,_xlfn.XLOOKUP(O120,[1]AttributeName!$B:$B,[1]AttributeName!$E:$E),2,_xlfn.XLOOKUP(C120,#REF!,#REF!),3,_xlfn.XLOOKUP(C120,#REF!,#REF!)),0)} -> 1
A121: =A118+1 -> 53 | B121: 5 | C121: 物理技能等级 | D121: 长剑 | E121: 后缀 | G121: 2 | H121: 500 | I121: 2 | J121: {=_xlfn.SWITCH(B121,1,75,2,61,3,49,4,37,5,25,6,13,7,4,8,1)} -> 25 | K121: {=IFERROR(_xlfn.SWITCH(L121,2,_xlfn.XLOOKUP(C121,[1]ModifierDes!$B:$B,[1]ModifierDes!$C:$C),3,_xlfn.XLOOKUP(C121,[1]StuntDes!$B:$B,[1]StuntDes!$C:$C)),"")} | L121: =IF(M121="",IF(N121="",1,2),3) -> 1 | M121: =IFERROR(_xlfn.XLOOKUP(C121,[1]StuntDes!$B:$B,[1]StuntDes!$A:$A),"") | N121: =IFERROR(_xlfn.XLOOKUP(C121,[1]ModifierDes!$B:$B,[1]ModifierDes!$A:$A),"") | O121: =IFERROR(_xlfn.XLOOKUP(C121,[1]AttributeName!$C:$C,[1]AttributeName!$B:$B),"") -> 10403 | Q121: 1 | R121: 1 | S121: {=IFERROR(_xlfn.SWITCH(L121,1,_xlfn.XLOOKUP(O121,[1]AttributeName!$B:$B,[1]AttributeName!$D:$D),2,_xlfn.XLOOKUP(C121,#REF!,#REF!),3,_xlfn.XLOOKUP(C121,#REF!,#REF!)),0)} -> 0 | T121: {=IFERROR(_xlfn.SWITCH(L121,1,_xlfn.XLOOKUP(O121,[1]AttributeName!$B:$B,[1]AttributeName!$E:$E),2,_xlfn.XLOOKUP(C121,#REF!,#REF!),3,_xlfn.XLOOKUP(C121,#REF!,#REF!)),0)} -> 1
A122: =A119+1 -> 54 | B122: =B119 -> 1 | C122: 火焰技能等级 | D122: 长剑 | E122: 后缀 | G122: 2 | H122: 100 | I122: 2 | J122: {=_xlfn.SWITCH(B122,1,75,2,61,3,49,4,37,5,25,6,13,7,4,8,1)} -> 75 | K122: {=IFERROR(_xlfn.SWITCH(L122,2,_xlfn.XLOOKUP(C122,[1]ModifierDes!$B:$B,[1]ModifierDes!$C:$C),3,_xlfn.XLOOKUP(C122,[1]StuntDes!$B:$B,[1]StuntDes!$C:$C)),"")} | L122: =IF(M122="",IF(N122="",1,2),3) -> 1 | M122: =IFERROR(_xlfn.XLOOKUP(C122,[1]StuntDes!$B:$B,[1]StuntDes!$A:$A),"") | N122: =IFERROR(_xlfn.XLOOKUP(C122,[1]ModifierDes!$B:$B,[1]ModifierDes!$A:$A),"") | O122: =IFERROR(_xlfn.XLOOKUP(C122,[1]AttributeName!$C:$C,[1]AttributeName!$B:$B),"") -> 10404 | Q122: 4 | R122: 6 | S122: {=IFERROR(_xlfn.SWITCH(L122,1,_xlfn.XLOOKUP(O122,[1]AttributeName!$B:$B,[1]AttributeName!$D:$D),2,_xlfn.XLOOKUP(C122,#REF!,#REF!),3,_xlfn.XLOOKUP(C122,#REF!,#REF!)),0)} -> 0 | T122: {=IFERROR(_xlfn.SWITCH(L122,1,_xlfn.XLOOKUP(O122,[1]AttributeName!$B:$B,[1]AttributeName!$E:$E),2,_xlfn.XLOOKUP(C122,#REF!,#REF!),3,_xlfn.XLOOKUP(C122,#REF!,#REF!)),0)} -> 1
A123: =A120+1 -> 54 | B123: =B120 -> 3 | C123: 火焰技能等级 | D123: 长剑 | E123: 后缀 | G123: 2 | H123: 200 | I123: 2 | J123: {=_xlfn.SWITCH(B123,1,75,2,61,3,49,4,37,5,25,6,13,7,4,8,1)} -> 49 | K123: {=IFERROR(_xlfn.SWITCH(L123,2,_xlfn.XLOOKUP(C123,[1]ModifierDes!$B:$B,[1]ModifierDes!$C:$C),3,_xlfn.XLOOKUP(C123,[1]StuntDes!$B:$B,[1]StuntDes!$C:$C)),"")} | L123: =IF(M123="",IF(N123="",1,2),3) -> 1 | M123: =IFERROR(_xlfn.XLOOKUP(C123,[1]StuntDes!$B:$B,[1]StuntDes!$A:$A),"") | N123: =IFERROR(_xlfn.XLOOKUP(C123,[1]ModifierDes!$B:$B,[1]ModifierDes!$A:$A),"") | O123: =IFERROR(_xlfn.XLOOKUP(C123,[1]AttributeName!$C:$C,[1]AttributeName!$B:$B),"") -> 10404 | Q123: 2 | R123: 3 | S123: {=IFERROR(_xlfn.SWITCH(L123,1,_xlfn.XLOOKUP(O123,[1]AttributeName!$B:$B,[1]AttributeName!$D:$D),2,_xlfn.XLOOKUP(C123,#REF!,#REF!),3,_xlfn.XLOOKUP(C123,#REF!,#REF!)),0)} -> 0 | T123: {=IFERROR(_xlfn.SWITCH(L123,1,_xlfn.XLOOKUP(O123,[1]AttributeName!$B:$B,[1]AttributeName!$E:$E),2,_xlfn.XLOOKUP(C123,#REF!,#REF!),3,_xlfn.XLOOKUP(C123,#REF!,#REF!)),0)} -> 1
A124: =A121+1 -> 54 | B124: =B121 -> 5 | C124: 火焰技能等级 | D124: 长剑 | E124: 后缀 | G124: 2 | H124: 500 | I124: 2 | J124: {=_xlfn.SWITCH(B124,1,75,2,61,3,49,4,37,5,25,6,13,7,4,8,1)} -> 25 | K124: {=IFERROR(_xlfn.SWITCH(L124,2,_xlfn.XLOOKUP(C124,[1]ModifierDes!$B:$B,[1]ModifierDes!$C:$C),3,_xlfn.XLOOKUP(C124,[1]StuntDes!$B:$B,[1]StuntDes!$C:$C)),"")} | L124: =IF(M124="",IF(N124="",1,2),3) -> 1 | M124: =IFERROR(_xlfn.XLOOKUP(C124,[1]StuntDes!$B:$B,[1]StuntDes!$A:$A),"") | N124: =IFERROR(_xlfn.XLOOKUP(C124,[1]ModifierDes!$B:$B,[1]ModifierDes!$A:$A),"") | O124: =IFERROR(_xlfn.XLOOKUP(C124,[1]AttributeName!$C:$C,[1]AttributeName!$B:$B),"") -> 10404 | Q124: 1 | R124: 1 | S124: {=IFERROR(_xlfn.SWITCH(L124,1,_xlfn.XLOOKUP(O124,[1]AttributeName!$B:$B,[1]AttributeName!$D:$D),2,_xlfn.XLOOKUP(C124,#REF!,#REF!),3,_xlfn.XLOOKUP(C124,#REF!,#REF!)),0)} -> 0 | T124: {=IFERROR(_xlfn.SWITCH(L124,1,_xlfn.XLOOKUP(O124,[1]AttributeName!$B:$B,[1]AttributeName!$E:$E),2,_xlfn.XLOOKUP(C124,#REF!,#REF!),3,_xlfn.XLOOKUP(C124,#REF!,#REF!)),0)} -> 1
A125: =A122+1 -> 55 | B125: =B122 -> 1 | C125: 冰冷技能等级 | D125: 长剑 | E125: 后缀 | G125: 2 | H125: 100 | I125: 2 | J125: {=_xlfn.SWITCH(B125,1,75,2,61,3,49,4,37,5,25,6,13,7,4,8,1)} -> 75 | K125: {=IFERROR(_xlfn.SWITCH(L125,2,_xlfn.XLOOKUP(C125,[1]ModifierDes!$B:$B,[1]ModifierDes!$C:$C),3,_xlfn.XLOOKUP(C125,[1]StuntDes!$B:$B,[1]StuntDes!$C:$C)),"")} | L125: =IF(M125="",IF(N125="",1,2),3) -> 1 | M125: =IFERROR(_xlfn.XLOOKUP(C125,[1]StuntDes!$B:$B,[1]StuntDes!$A:$A),"") | N125: =IFERROR(_xlfn.XLOOKUP(C125,[1]ModifierDes!$B:$B,[1]ModifierDes!$A:$A),"") | O125: =IFERROR(_xlfn.XLOOKUP(C125,[1]AttributeName!$C:$C,[1]AttributeName!$B:$B),"") -> 10405 | Q125: 4 | R125: 6 | S125: {=IFERROR(_xlfn.SWITCH(L125,1,_xlfn.XLOOKUP(O125,[1]AttributeName!$B:$B,[1]AttributeName!$D:$D),2,_xlfn.XLOOKUP(C125,#REF!,#REF!),3,_xlfn.XLOOKUP(C125,#REF!,#REF!)),0)} -> 0 | T125: {=IFERROR(_xlfn.SWITCH(L125,1,_xlfn.XLOOKUP(O125,[1]AttributeName!$B:$B,[1]AttributeName!$E:$E),2,_xlfn.XLOOKUP(C125,#REF!,#REF!),3,_xlfn.XLOOKUP(C125,#REF!,#REF!)),0)} -> 1
A126: =A123+1 -> 55 | B126: =B123 -> 3 | C126: 冰冷技能等级 | D126: 长剑 | E126: 后缀 | G126: 2 | H126: 200 | I126: 2 | J126: {=_xlfn.SWITCH(B126,1,75,2,61,3,49,4,37,5,25,6,13,7,4,8,1)} -> 49 | K126: {=IFERROR(_xlfn.SWITCH(L126,2,_xlfn.XLOOKUP(C126,[1]ModifierDes!$B:$B,[1]ModifierDes!$C:$C),3,_xlfn.XLOOKUP(C126,[1]StuntDes!$B:$B,[1]StuntDes!$C:$C)),"")} | L126: =IF(M126="",IF(N126="",1,2),3) -> 1 | M126: =IFERROR(_xlfn.XLOOKUP(C126,[1]StuntDes!$B:$B,[1]StuntDes!$A:$A),"") | N126: =IFERROR(_xlfn.XLOOKUP(C126,[1]ModifierDes!$B:$B,[1]ModifierDes!$A:$A),"") | O126: =IFERROR(_xlfn.XLOOKUP(C126,[1]AttributeName!$C:$C,[1]AttributeName!$B:$B),"") -> 10405 | Q126: 2 | R126: 3 | S126: {=IFERROR(_xlfn.SWITCH(L126,1,_xlfn.XLOOKUP(O126,[1]AttributeName!$B:$B,[1]AttributeName!$D:$D),2,_xlfn.XLOOKUP(C126,#REF!,#REF!),3,_xlfn.XLOOKUP(C126,#REF!,#REF!)),0)} -> 0 | T126: {=IFERROR(_xlfn.SWITCH(L126,1,_xlfn.XLOOKUP(O126,[1]AttributeName!$B:$B,[1]AttributeName!$E:$E),2,_xlfn.XLOOKUP(C126,#REF!,#REF!),3,_xlfn.XLOOKUP(C126,#REF!,#REF!)),0)} -> 1
A127: =A124+1 -> 55 | B127: =B124 -> 5 | C127: 冰冷技能等级 | D127: 长剑 | E127: 后缀 | G127: 2 | H127: 500 | I127: 2 | J127: {=_xlfn.SWITCH(B127,1,75,2,61,3,49,4,37,5,25,6,13,7,4,8,1)} -> 25 | K127: {=IFERROR(_xlfn.SWITCH(L127,2,_xlfn.XLOOKUP(C127,[1]ModifierDes!$B:$B,[1]ModifierDes!$C:$C),3,_xlfn.XLOOKUP(C127,[1]StuntDes!$B:$B,[1]StuntDes!$C:$C)),"")} | L127: =IF(M127="",IF(N127="",1,2),3) -> 1 | M127: =IFERROR(_xlfn.XLOOKUP(C127,[1]StuntDes!$B:$B,[1]StuntDes!$A:$A),"") | N127: =IFERROR(_xlfn.XLOOKUP(C127,[1]ModifierDes!$B:$B,[1]ModifierDes!$A:$A),"") | O127: =IFERROR(_xlfn.XLOOKUP(C127,[1]AttributeName!$C:$C,[1]AttributeName!$B:$B),"") -> 10405 | Q127: 1 | R127: 1 | S127: {=IFERROR(_xlfn.SWITCH(L127,1,_xlfn.XLOOKUP(O127,[1]AttributeName!$B:$B,[1]AttributeName!$D:$D),2,_xlfn.XLOOKUP(C127,#REF!,#REF!),3,_xlfn.XLOOKUP(C127,#REF!,#REF!)),0)} -> 0 | T127: {=IFERROR(_xlfn.SWITCH(L127,1,_xlfn.XLOOKUP(O127,[1]AttributeName!$B:$B,[1]AttributeName!$E:$E),2,_xlfn.XLOOKUP(C127,#REF!,#REF!),3,_xlfn.XLOOKUP(C127,#REF!,#REF!)),0)} -> 1
A128: =A125+1 -> 56 | B128: =B125 -> 1 | C128: 闪电技能等级 | D128: 长剑 | E128: 后缀 | G128: 2 | H128: 100 | I128: 2 | J128: {=_xlfn.SWITCH(B128,1,75,2,61,3,49,4,37,5,25,6,13,7,4,8,1)} -> 75 | K128: {=IFERROR(_xlfn.SWITCH(L128,2,_xlfn.XLOOKUP(C128,[1]ModifierDes!$B:$B,[1]ModifierDes!$C:$C),3,_xlfn.XLOOKUP(C128,[1]StuntDes!$B:$B,[1]StuntDes!$C:$C)),"")} | L128: =IF(M128="",IF(N128="",1,2),3) -> 1 | M128: =IFERROR(_xlfn.XLOOKUP(C128,[1]StuntDes!$B:$B,[1]StuntDes!$A:$A),"") | N128: =IFERROR(_xlfn.XLOOKUP(C128,[1]ModifierDes!$B:$B,[1]ModifierDes!$A:$A),"") | O128: =IFERROR(_xlfn.XLOOKUP(C128,[1]AttributeName!$C:$C,[1]AttributeName!$B:$B),"") -> 10406 | Q128: 4 | R128: 6 | S128: {=IFERROR(_xlfn.SWITCH(L128,1,_xlfn.XLOOKUP(O128,[1]AttributeName!$B:$B,[1]AttributeName!$D:$D),2,_xlfn.XLOOKUP(C128,#REF!,#REF!),3,_xlfn.XLOOKUP(C128,#REF!,#REF!)),0)} -> 0 | T128: {=IFERROR(_xlfn.SWITCH(L128,1,_xlfn.XLOOKUP(O128,[1]AttributeName!$B:$B,[1]AttributeName!$E:$E),2,_xlfn.XLOOKUP(C128,#REF!,#REF!),3,_xlfn.XLOOKUP(C128,#REF!,#REF!)),0)} -> 1
A129: =A126+1 -> 56 | B129: =B126 -> 3 | C129: 闪电技能等级 | D129: 长剑 | E129: 后缀 | G129: 2 | H129: 200 | I129: 2 | J129: {=_xlfn.SWITCH(B129,1,75,2,61,3,49,4,37,5,25,6,13,7,4,8,1)} -> 49 | K129: {=IFERROR(_xlfn.SWITCH(L129,2,_xlfn.XLOOKUP(C129,[1]ModifierDes!$B:$B,[1]ModifierDes!$C:$C),3,_xlfn.XLOOKUP(C129,[1]StuntDes!$B:$B,[1]StuntDes!$C:$C)),"")} | L129: =IF(M129="",IF(N129="",1,2),3) -> 1 | M129: =IFERROR(_xlfn.XLOOKUP(C129,[1]StuntDes!$B:$B,[1]StuntDes!$A:$A),"") | N129: =IFERROR(_xlfn.XLOOKUP(C129,[1]ModifierDes!$B:$B,[1]ModifierDes!$A:$A),"") | O129: =IFERROR(_xlfn.XLOOKUP(C129,[1]AttributeName!$C:$C,[1]AttributeName!$B:$B),"") -> 10406 | Q129: 2 | R129: 3 | S129: {=IFERROR(_xlfn.SWITCH(L129,1,_xlfn.XLOOKUP(O129,[1]AttributeName!$B:$B,[1]AttributeName!$D:$D),2,_xlfn.XLOOKUP(C129,#REF!,#REF!),3,_xlfn.XLOOKUP(C129,#REF!,#REF!)),0)} -> 0 | T129: {=IFERROR(_xlfn.SWITCH(L129,1,_xlfn.XLOOKUP(O129,[1]AttributeName!$B:$B,[1]AttributeName!$E:$E),2,_xlfn.XLOOKUP(C129,#REF!,#REF!),3,_xlfn.XLOOKUP(C129,#REF!,#REF!)),0)} -> 1
A130: =A127+1 -> 56 | B130: =B127 -> 5 | C130: 闪电技能等级 | D130: 长剑 | E130: 后缀 | G130: 2 | H130: 500 | I130: 2 | J130: {=_xlfn.SWITCH(B130,1,75,2,61,3,49,4,37,5,25,6,13,7,4,8,1)} -> 25 | K130: {=IFERROR(_xlfn.SWITCH(L130,2,_xlfn.XLOOKUP(C130,[1]ModifierDes!$B:$B,[1]ModifierDes!$C:$C),3,_xlfn.XLOOKUP(C130,[1]StuntDes!$B:$B,[1]StuntDes!$C:$C)),"")} | L130: =IF(M130="",IF(N130="",1,2),3) -> 1 | M130: =IFERROR(_xlfn.XLOOKUP(C130,[1]StuntDes!$B:$B,[1]StuntDes!$A:$A),"") | N130: =IFERROR(_xlfn.XLOOKUP(C130,[1]ModifierDes!$B:$B,[1]ModifierDes!$A:$A),"") | O130: =IFERROR(_xlfn.XLOOKUP(C130,[1]AttributeName!$C:$C,[1]AttributeName!$B:$B),"") -> 10406 | Q130: 1 | R130: 1 | S130: {=IFERROR(_xlfn.SWITCH(L130,1,_xlfn.XLOOKUP(O130,[1]AttributeName!$B:$B,[1]AttributeName!$D:$D),2,_xlfn.XLOOKUP(C130,#REF!,#REF!),3,_xlfn.XLOOKUP(C130,#REF!,#REF!)),0)} -> 0 | T130: {=IFERROR(_xlfn.SWITCH(L130,1,_xlfn.XLOOKUP(O130,[1]AttributeName!$B:$B,[1]AttributeName!$E:$E),2,_xlfn.XLOOKUP(C130,#REF!,#REF!),3,_xlfn.XLOOKUP(C130,#REF!,#REF!)),0)} -> 1
A131: =A128+1 -> 57 | B131: =B128 -> 1 | C131: 混沌技能等级 | D131: 长剑 | E131: 后缀 | G131: 2 | H131: 100 | I131: 2 | J131: {=_xlfn.SWITCH(B131,1,75,2,61,3,49,4,37,5,25,6,13,7,4,8,1)} -> 75 | K131: {=IFERROR(_xlfn.SWITCH(L131,2,_xlfn.XLOOKUP(C131,[1]ModifierDes!$B:$B,[1]ModifierDes!$C:$C),3,_xlfn.XLOOKUP(C131,[1]StuntDes!$B:$B,[1]StuntDes!$C:$C)),"")} | L131: =IF(M131="",IF(N131="",1,2),3) -> 1 | M131: =IFERROR(_xlfn.XLOOKUP(C131,[1]StuntDes!$B:$B,[1]StuntDes!$A:$A),"") | N131: =IFERROR(_xlfn.XLOOKUP(C131,[1]ModifierDes!$B:$B,[1]ModifierDes!$A:$A),"") | O131: =IFERROR(_xlfn.XLOOKUP(C131,[1]AttributeName!$C:$C,[1]AttributeName!$B:$B),"") -> 10407 | Q131: 4 | R131: 6 | S131: {=IFERROR(_xlfn.SWITCH(L131,1,_xlfn.XLOOKUP(O131,[1]AttributeName!$B:$B,[1]AttributeName!$D:$D),2,_xlfn.XLOOKUP(C131,#REF!,#REF!),3,_xlfn.XLOOKUP(C131,#REF!,#REF!)),0)} -> 0 | T131: {=IFERROR(_xlfn.SWITCH(L131,1,_xlfn.XLOOKUP(O131,[1]AttributeName!$B:$B,[1]AttributeName!$E:$E),2,_xlfn.XLOOKUP(C131,#REF!,#REF!),3,_xlfn.XLOOKUP(C131,#REF!,#REF!)),0)} -> 1
A132: =A129+1 -> 57 | B132: =B129 -> 3 | C132: 混沌技能等级 | D132: 长剑 | E132: 后缀 | G132: 2 | H132: 200 | I132: 2 | J132: {=_xlfn.SWITCH(B132,1,75,2,61,3,49,4,37,5,25,6,13,7,4,8,1)} -> 49 | K132: {=IFERROR(_xlfn.SWITCH(L132,2,_xlfn.XLOOKUP(C132,[1]ModifierDes!$B:$B,[1]ModifierDes!$C:$C),3,_xlfn.XLOOKUP(C132,[1]StuntDes!$B:$B,[1]StuntDes!$C:$C)),"")} | L132: =IF(M132="",IF(N132="",1,2),3) -> 1 | M132: =IFERROR(_xlfn.XLOOKUP(C132,[1]StuntDes!$B:$B,[1]StuntDes!$A:$A),"") | N132: =IFERROR(_xlfn.XLOOKUP(C132,[1]ModifierDes!$B:$B,[1]ModifierDes!$A:$A),"") | O132: =IFERROR(_xlfn.XLOOKUP(C132,[1]AttributeName!$C:$C,[1]AttributeName!$B:$B),"") -> 10407 | Q132: 2 | R132: 3 | S132: {=IFERROR(_xlfn.SWITCH(L132,1,_xlfn.XLOOKUP(O132,[1]AttributeName!$B:$B,[1]AttributeName!$D:$D),2,_xlfn.XLOOKUP(C132,#REF!,#REF!),3,_xlfn.XLOOKUP(C132,#REF!,#REF!)),0)} -> 0 | T132: {=IFERROR(_xlfn.SWITCH(L132,1,_xlfn.XLOOKUP(O132,[1]AttributeName!$B:$B,[1]AttributeName!$E:$E),2,_xlfn.XLOOKUP(C132,#REF!,#REF!),3,_xlfn.XLOOKUP(C132,#REF!,#REF!)),0)} -> 1
A133: =A130+1 -> 57 | B133: =B130 -> 5 | C133: 混沌技能等级 | D133: 长剑 | E133: 后缀 | G133: 2 | H133: 500 | I133: 2 | J133: {=_xlfn.SWITCH(B133,1,75,2,61,3,49,4,37,5,25,6,13,7,4,8,1)} -> 25 | K133: {=IFERROR(_xlfn.SWITCH(L133,2,_xlfn.XLOOKUP(C133,[1]ModifierDes!$B:$B,[1]ModifierDes!$C:$C),3,_xlfn.XLOOKUP(C133,[1]StuntDes!$B:$B,[1]StuntDes!$C:$C)),"")} | L133: =IF(M133="",IF(N133="",1,2),3) -> 1 | M133: =IFERROR(_xlfn.XLOOKUP(C133,[1]StuntDes!$B:$B,[1]StuntDes!$A:$A),"") | N133: =IFERROR(_xlfn.XLOOKUP(C133,[1]ModifierDes!$B:$B,[1]ModifierDes!$A:$A),"") | O133: =IFERROR(_xlfn.XLOOKUP(C133,[1]AttributeName!$C:$C,[1]AttributeName!$B:$B),"") -> 10407 | Q133: 1 | R133: 1 | S133: {=IFERROR(_xlfn.SWITCH(L133,1,_xlfn.XLOOKUP(O133,[1]AttributeName!$B:$B,[1]AttributeName!$D:$D),2,_xlfn.XLOOKUP(C133,#REF!,#REF!),3,_xlfn.XLOOKUP(C133,#REF!,#REF!)),0)} -> 0 | T133: {=IFERROR(_xlfn.SWITCH(L133,1,_xlfn.XLOOKUP(O133,[1]AttributeName!$B:$B,[1]AttributeName!$E:$E),2,_xlfn.XLOOKUP(C133,#REF!,#REF!),3,_xlfn.XLOOKUP(C133,#REF!,#REF!)),0)} -> 1
A134: 59 | B134: 1 | C134: 攻击暴击值增加 | D134: 长剑 | E134: 后缀 | G134: 2 | H134: 100 | J134: {=_xlfn.SWITCH(B134,1,75,2,61,3,49,4,37,5,25,6,13,7,4,8,1)} -> 75 | K134: {=IFERROR(_xlfn.SWITCH(L134,2,_xlfn.XLOOKUP(C134,[1]ModifierDes!$B:$B,[1]ModifierDes!$C:$C),3,_xlfn.XLOOKUP(C134,[1]StuntDes!$B:$B,[1]StuntDes!$C:$C)),"")} | L134: =IF(M134="",IF(N134="",1,2),3) -> 1 | M134: =IFERROR(_xlfn.XLOOKUP(C134,[1]StuntDes!$B:$B,[1]StuntDes!$A:$A),"") | N134: =IFERROR(_xlfn.XLOOKUP(C134,[1]ModifierDes!$B:$B,[1]ModifierDes!$A:$A),"") | O134: =IFERROR(_xlfn.XLOOKUP(C134,[1]AttributeName!$C:$C,[1]AttributeName!$B:$B),"") -> 10102 | Q134: 1.2 | R134: 1.6 | S134: {=IFERROR(_xlfn.SWITCH(L134,1,_xlfn.XLOOKUP(O134,[1]AttributeName!$B:$B,[1]AttributeName!$D:$D),2,_xlfn.XLOOKUP(C134,#REF!,#REF!),3,_xlfn.XLOOKUP(C134,#REF!,#REF!)),0)} -> 2 | T134: {=IFERROR(_xlfn.SWITCH(L134,1,_xlfn.XLOOKUP(O134,[1]AttributeName!$B:$B,[1]AttributeName!$E:$E),2,_xlfn.XLOOKUP(C134,#REF!,#REF!),3,_xlfn.XLOOKUP(C134,#REF!,#REF!)),0)} -> 2
A135: 59 | B135: 2 | C135: 攻击暴击值增加 | D135: 长剑 | E135: 后缀 | G135: 2 | H135: 200 | J135: {=_xlfn.SWITCH(B135,1,75,2,61,3,49,4,37,5,25,6,13,7,4,8,1)} -> 61 | K135: {=IFERROR(_xlfn.SWITCH(L135,2,_xlfn.XLOOKUP(C135,[1]ModifierDes!$B:$B,[1]ModifierDes!$C:$C),3,_xlfn.XLOOKUP(C135,[1]StuntDes!$B:$B,[1]StuntDes!$C:$C)),"")} | L135: =IF(M135="",IF(N135="",1,2),3) -> 1 | M135: =IFERROR(_xlfn.XLOOKUP(C135,[1]StuntDes!$B:$B,[1]StuntDes!$A:$A),"") | N135: =IFERROR(_xlfn.XLOOKUP(C135,[1]ModifierDes!$B:$B,[1]ModifierDes!$A:$A),"") | O135: =IFERROR(_xlfn.XLOOKUP(C135,[1]AttributeName!$C:$C,[1]AttributeName!$B:$B),"") -> 10102 | Q135: 1.04 | R135: 1.18 | S135: {=IFERROR(_xlfn.SWITCH(L135,1,_xlfn.XLOOKUP(O135,[1]AttributeName!$B:$B,[1]AttributeName!$D:$D),2,_xlfn.XLOOKUP(C135,#REF!,#REF!),3,_xlfn.XLOOKUP(C135,#REF!,#REF!)),0)} -> 2 | T135: {=IFERROR(_xlfn.SWITCH(L135,1,_xlfn.XLOOKUP(O135,[1]AttributeName!$B:$B,[1]AttributeName!$E:$E),2,_xlfn.XLOOKUP(C135,#REF!,#REF!),3,_xlfn.XLOOKUP(C135,#REF!,#REF!)),0)} -> 2
A136: 59 | B136: 3 | C136: 攻击暴击值增加 | D136: 长剑 | E136: 后缀 | G136: 2 | H136: 500 | J136: {=_xlfn.SWITCH(B136,1,75,2,61,3,49,4,37,5,25,6,13,7,4,8,1)} -> 49 | K136: {=IFERROR(_xlfn.SWITCH(L136,2,_xlfn.XLOOKUP(C136,[1]ModifierDes!$B:$B,[1]ModifierDes!$C:$C),3,_xlfn.XLOOKUP(C136,[1]StuntDes!$B:$B,[1]StuntDes!$C:$C)),"")} | L136: =IF(M136="",IF(N136="",1,2),3) -> 1 | M136: =IFERROR(_xlfn.XLOOKUP(C136,[1]StuntDes!$B:$B,[1]StuntDes!$A:$A),"") | N136: =IFERROR(_xlfn.XLOOKUP(C136,[1]ModifierDes!$B:$B,[1]ModifierDes!$A:$A),"") | O136: =IFERROR(_xlfn.XLOOKUP(C136,[1]AttributeName!$C:$C,[1]AttributeName!$B:$B),"") -> 10102 | Q136: 0.88 | R136: 1.02 | S136: {=IFERROR(_xlfn.SWITCH(L136,1,_xlfn.XLOOKUP(O136,[1]AttributeName!$B:$B,[1]AttributeName!$D:$D),2,_xlfn.XLOOKUP(C136,#REF!,#REF!),3,_xlfn.XLOOKUP(C136,#REF!,#REF!)),0)} -> 2 | T136: {=IFERROR(_xlfn.SWITCH(L136,1,_xlfn.XLOOKUP(O136,[1]AttributeName!$B:$B,[1]AttributeName!$E:$E),2,_xlfn.XLOOKUP(C136,#REF!,#REF!),3,_xlfn.XLOOKUP(C136,#REF!,#REF!)),0)} -> 2
A137: 59 | B137: 4 | C137: 攻击暴击值增加 | D137: 长剑 | E137: 后缀 | G137: 2 | H137: 1000 | J137: {=_xlfn.SWITCH(B137,1,75,2,61,3,49,4,37,5,25,6,13,7,4,8,1)} -> 37 | K137: {=IFERROR(_xlfn.SWITCH(L137,2,_xlfn.XLOOKUP(C137,[1]ModifierDes!$B:$B,[1]ModifierDes!$C:$C),3,_xlfn.XLOOKUP(C137,[1]StuntDes!$B:$B,[1]StuntDes!$C:$C)),"")} | L137: =IF(M137="",IF(N137="",1,2),3) -> 1 | M137: =IFERROR(_xlfn.XLOOKUP(C137,[1]StuntDes!$B:$B,[1]StuntDes!$A:$A),"") | N137: =IFERROR(_xlfn.XLOOKUP(C137,[1]ModifierDes!$B:$B,[1]ModifierDes!$A:$A),"") | O137: =IFERROR(_xlfn.XLOOKUP(C137,[1]AttributeName!$C:$C,[1]AttributeName!$B:$B),"") -> 10102 | Q137: 0.72 | R137: 0.86 | S137: {=IFERROR(_xlfn.SWITCH(L137,1,_xlfn.XLOOKUP(O137,[1]AttributeName!$B:$B,[1]AttributeName!$D:$D),2,_xlfn.XLOOKUP(C137,#REF!,#REF!),3,_xlfn.XLOOKUP(C137,#REF!,#REF!)),0)} -> 2 | T137: {=IFERROR(_xlfn.SWITCH(L137,1,_xlfn.XLOOKUP(O137,[1]AttributeName!$B:$B,[1]AttributeName!$E:$E),2,_xlfn.XLOOKUP(C137,#REF!,#REF!),3,_xlfn.XLOOKUP(C137,#REF!,#REF!)),0)} -> 2
A138: 59 | B138: 5 | C138: 攻击暴击值增加 | D138: 长剑 | E138: 后缀 | G138: 2 | H138: 1000 | J138: {=_xlfn.SWITCH(B138,1,75,2,61,3,49,4,37,5,25,6,13,7,4,8,1)} -> 25 | K138: {=IFERROR(_xlfn.SWITCH(L138,2,_xlfn.XLOOKUP(C138,[1]ModifierDes!$B:$B,[1]ModifierDes!$C:$C),3,_xlfn.XLOOKUP(C138,[1]StuntDes!$B:$B,[1]StuntDes!$C:$C)),"")} | L138: =IF(M138="",IF(N138="",1,2),3) -> 1 | M138: =IFERROR(_xlfn.XLOOKUP(C138,[1]StuntDes!$B:$B,[1]StuntDes!$A:$A),"") | N138: =IFERROR(_xlfn.XLOOKUP(C138,[1]ModifierDes!$B:$B,[1]ModifierDes!$A:$A),"") | O138: =IFERROR(_xlfn.XLOOKUP(C138,[1]AttributeName!$C:$C,[1]AttributeName!$B:$B),"") -> 10102 | Q138: 0.56 | R138: 0.7 | S138: {=IFERROR(_xlfn.SWITCH(L138,1,_xlfn.XLOOKUP(O138,[1]AttributeName!$B:$B,[1]AttributeName!$D:$D),2,_xlfn.XLOOKUP(C138,#REF!,#REF!),3,_xlfn.XLOOKUP(C138,#REF!,#REF!)),0)} -> 2 | T138: {=IFERROR(_xlfn.SWITCH(L138,1,_xlfn.XLOOKUP(O138,[1]AttributeName!$B:$B,[1]AttributeName!$E:$E),2,_xlfn.XLOOKUP(C138,#REF!,#REF!),3,_xlfn.XLOOKUP(C138,#REF!,#REF!)),0)} -> 2
A139: 59 | B139: 6 | C139: 攻击暴击值增加 | D139: 长剑 | E139: 后缀 | G139: 2 | H139: 1000 | J139: {=_xlfn.SWITCH(B139,1,75,2,61,3,49,4,37,5,25,6,13,7,4,8,1)} -> 13 | K139: {=IFERROR(_xlfn.SWITCH(L139,2,_xlfn.XLOOKUP(C139,[1]ModifierDes!$B:$B,[1]ModifierDes!$C:$C),3,_xlfn.XLOOKUP(C139,[1]StuntDes!$B:$B,[1]StuntDes!$C:$C)),"")} | L139: =IF(M139="",IF(N139="",1,2),3) -> 1 | M139: =IFERROR(_xlfn.XLOOKUP(C139,[1]StuntDes!$B:$B,[1]StuntDes!$A:$A),"") | N139: =IFERROR(_xlfn.XLOOKUP(C139,[1]ModifierDes!$B:$B,[1]ModifierDes!$A:$A),"") | O139: =IFERROR(_xlfn.XLOOKUP(C139,[1]AttributeName!$C:$C,[1]AttributeName!$B:$B),"") -> 10102 | Q139: 0.4 | R139: 0.54 | S139: {=IFERROR(_xlfn.SWITCH(L139,1,_xlfn.XLOOKUP(O139,[1]AttributeName!$B:$B,[1]AttributeName!$D:$D),2,_xlfn.XLOOKUP(C139,#REF!,#REF!),3,_xlfn.XLOOKUP(C139,#REF!,#REF!)),0)} -> 2 | T139: {=IFERROR(_xlfn.SWITCH(L139,1,_xlfn.XLOOKUP(O139,[1]AttributeName!$B:$B,[1]AttributeName!$E:$E),2,_xlfn.XLOOKUP(C139,#REF!,#REF!),3,_xlfn.XLOOKUP(C139,#REF!,#REF!)),0)} -> 2
A140: 59 | B140: 7 | C140: 攻击暴击值增加 | D140: 长剑 | E140: 后缀 | G140: 2 | H140: 1000 | J140: {=_xlfn.SWITCH(B140,1,75,2,61,3,49,4,37,5,25,6,13,7,4,8,1)} -> 4 | K140: {=IFERROR(_xlfn.SWITCH(L140,2,_xlfn.XLOOKUP(C140,[1]ModifierDes!$B:$B,[1]ModifierDes!$C:$C),3,_xlfn.XLOOKUP(C140,[1]StuntDes!$B:$B,[1]StuntDes!$C:$C)),"")} | L140: =IF(M140="",IF(N140="",1,2),3) -> 1 | M140: =IFERROR(_xlfn.XLOOKUP(C140,[1]StuntDes!$B:$B,[1]StuntDes!$A:$A),"") | N140: =IFERROR(_xlfn.XLOOKUP(C140,[1]ModifierDes!$B:$B,[1]ModifierDes!$A:$A),"") | O140: =IFERROR(_xlfn.XLOOKUP(C140,[1]AttributeName!$C:$C,[1]AttributeName!$B:$B),"") -> 10102 | Q140: 0.24 | R140: 0.38 | S140: {=IFERROR(_xlfn.SWITCH(L140,1,_xlfn.XLOOKUP(O140,[1]AttributeName!$B:$B,[1]AttributeName!$D:$D),2,_xlfn.XLOOKUP(C140,#REF!,#REF!),3,_xlfn.XLOOKUP(C140,#REF!,#REF!)),0)} -> 2 | T140: {=IFERROR(_xlfn.SWITCH(L140,1,_xlfn.XLOOKUP(O140,[1]AttributeName!$B:$B,[1]AttributeName!$E:$E),2,_xlfn.XLOOKUP(C140,#REF!,#REF!),3,_xlfn.XLOOKUP(C140,#REF!,#REF!)),0)} -> 2
A141: 59 | B141: 8 | C141: 攻击暴击值增加 | D141: 长剑 | E141: 后缀 | G141: 2 | H141: 1000 | J141: {=_xlfn.SWITCH(B141,1,75,2,61,3,49,4,37,5,25,6,13,7,4,8,1)} -> 1 | K141: {=IFERROR(_xlfn.SWITCH(L141,2,_xlfn.XLOOKUP(C141,[1]ModifierDes!$B:$B,[1]ModifierDes!$C:$C),3,_xlfn.XLOOKUP(C141,[1]StuntDes!$B:$B,[1]StuntDes!$C:$C)),"")} | L141: =IF(M141="",IF(N141="",1,2),3) -> 1 | M141: =IFERROR(_xlfn.XLOOKUP(C141,[1]StuntDes!$B:$B,[1]StuntDes!$A:$A),"") | N141: =IFERROR(_xlfn.XLOOKUP(C141,[1]ModifierDes!$B:$B,[1]ModifierDes!$A:$A),"") | O141: =IFERROR(_xlfn.XLOOKUP(C141,[1]AttributeName!$C:$C,[1]AttributeName!$B:$B),"") -> 10102 | Q141: 0.08 | R141: 0.22 | S141: {=IFERROR(_xlfn.SWITCH(L141,1,_xlfn.XLOOKUP(O141,[1]AttributeName!$B:$B,[1]AttributeName!$D:$D),2,_xlfn.XLOOKUP(C141,#REF!,#REF!),3,_xlfn.XLOOKUP(C141,#REF!,#REF!)),0)} -> 2 | T141: {=IFERROR(_xlfn.SWITCH(L141,1,_xlfn.XLOOKUP(O141,[1]AttributeName!$B:$B,[1]AttributeName!$E:$E),2,_xlfn.XLOOKUP(C141,#REF!,#REF!),3,_xlfn.XLOOKUP(C141,#REF!,#REF!)),0)} -> 2
A142: =A134+1 -> 60 | B142: 1 | C142: 攻击暴击伤害增加 | D142: 长剑 | E142: 后缀 | G142: 2 | H142: 100 | J142: {=_xlfn.SWITCH(B142,1,75,2,61,3,49,4,37,5,25,6,13,7,4,8,1)} -> 75 | K142: {=IFERROR(_xlfn.SWITCH(L142,2,_xlfn.XLOOKUP(C142,[1]ModifierDes!$B:$B,[1]ModifierDes!$C:$C),3,_xlfn.XLOOKUP(C142,[1]StuntDes!$B:$B,[1]StuntDes!$C:$C)),"")} -> 攻击暴击伤害增加{0} | L142: =IF(M142="",IF(N142="",1,2),3) -> 2 | M142: =IFERROR(_xlfn.XLOOKUP(C142,[1]StuntDes!$B:$B,[1]StuntDes!$A:$A),"") | N142: =IFERROR(_xlfn.XLOOKUP(C142,[1]ModifierDes!$B:$B,[1]ModifierDes!$A:$A),"") -> 10060 | Q142: 1.2 | R142: 1.6 | S142: {=IFERROR(_xlfn.SWITCH(L142,1,_xlfn.XLOOKUP(O142,[1]AttributeName!$B:$B,[1]AttributeName!$D:$D),2,_xlfn.XLOOKUP(C142,#REF!,#REF!),3,_xlfn.XLOOKUP(C142,#REF!,#REF!)),0)} -> 0 | T142: {=IFERROR(_xlfn.SWITCH(L142,1,_xlfn.XLOOKUP(O142,[1]AttributeName!$B:$B,[1]AttributeName!$E:$E),2,_xlfn.XLOOKUP(C142,#REF!,#REF!),3,_xlfn.XLOOKUP(C142,#REF!,#REF!)),0)} -> 0
A143: =A135+1 -> 60 | B143: 2 | C143: 攻击暴击伤害增加 | D143: 长剑 | E143: 后缀 | G143: 2 | H143: 200 | J143: {=_xlfn.SWITCH(B143,1,75,2,61,3,49,4,37,5,25,6,13,7,4,8,1)} -> 61 | K143: {=IFERROR(_xlfn.SWITCH(L143,2,_xlfn.XLOOKUP(C143,[1]ModifierDes!$B:$B,[1]ModifierDes!$C:$C),3,_xlfn.XLOOKUP(C143,[1]StuntDes!$B:$B,[1]StuntDes!$C:$C)),"")} -> 攻击暴击伤害增加{0} | L143: =IF(M143="",IF(N143="",1,2),3) -> 2 | M143: =IFERROR(_xlfn.XLOOKUP(C143,[1]StuntDes!$B:$B,[1]StuntDes!$A:$A),"") | N143: =IFERROR(_xlfn.XLOOKUP(C143,[1]ModifierDes!$B:$B,[1]ModifierDes!$A:$A),"") -> 10060 | O143: =IFERROR(_xlfn.XLOOKUP(C143,[1]AttributeName!$C:$C,[1]AttributeName!$B:$B),"") | Q143: 1.04 | R143: 1.18 | S143: {=IFERROR(_xlfn.SWITCH(L143,1,_xlfn.XLOOKUP(O143,[1]AttributeName!$B:$B,[1]AttributeName!$D:$D),2,_xlfn.XLOOKUP(C143,#REF!,#REF!),3,_xlfn.XLOOKUP(C143,#REF!,#REF!)),0)} -> 0 | T143: {=IFERROR(_xlfn.SWITCH(L143,1,_xlfn.XLOOKUP(O143,[1]AttributeName!$B:$B,[1]AttributeName!$E:$E),2,_xlfn.XLOOKUP(C143,#REF!,#REF!),3,_xlfn.XLOOKUP(C143,#REF!,#REF!)),0)} -> 0
A144: =A136+1 -> 60 | B144: 3 | C144: 攻击暴击伤害增加 | D144: 长剑 | E144: 后缀 | G144: 2 | H144: 500 | J144: {=_xlfn.SWITCH(B144,1,75,2,61,3,49,4,37,5,25,6,13,7,4,8,1)} -> 49 | K144: {=IFERROR(_xlfn.SWITCH(L144,2,_xlfn.XLOOKUP(C144,[1]ModifierDes!$B:$B,[1]ModifierDes!$C:$C),3,_xlfn.XLOOKUP(C144,[1]StuntDes!$B:$B,[1]StuntDes!$C:$C)),"")} -> 攻击暴击伤害增加{0} | L144: =IF(M144="",IF(N144="",1,2),3) -> 2 | M144: =IFERROR(_xlfn.XLOOKUP(C144,[1]StuntDes!$B:$B,[1]StuntDes!$A:$A),"") | N144: =IFERROR(_xlfn.XLOOKUP(C144,[1]ModifierDes!$B:$B,[1]ModifierDes!$A:$A),"") -> 10060 | O144: =IFERROR(_xlfn.XLOOKUP(C144,[1]AttributeName!$C:$C,[1]AttributeName!$B:$B),"") | Q144: 0.88 | R144: 1.02 | S144: {=IFERROR(_xlfn.SWITCH(L144,1,_xlfn.XLOOKUP(O144,[1]AttributeName!$B:$B,[1]AttributeName!$D:$D),2,_xlfn.XLOOKUP(C144,#REF!,#REF!),3,_xlfn.XLOOKUP(C144,#REF!,#REF!)),0)} -> 0 | T144: {=IFERROR(_xlfn.SWITCH(L144,1,_xlfn.XLOOKUP(O144,[1]AttributeName!$B:$B,[1]AttributeName!$E:$E),2,_xlfn.XLOOKUP(C144,#REF!,#REF!),3,_xlfn.XLOOKUP(C144,#REF!,#REF!)),0)} -> 0
A145: =A137+1 -> 60 | B145: 4 | C145: 攻击暴击伤害增加 | D145: 长剑 | E145: 后缀 | G145: 2 | H145: 1000 | J145: {=_xlfn.SWITCH(B145,1,75,2,61,3,49,4,37,5,25,6,13,7,4,8,1)} -> 37 | K145: {=IFERROR(_xlfn.SWITCH(L145,2,_xlfn.XLOOKUP(C145,[1]ModifierDes!$B:$B,[1]ModifierDes!$C:$C),3,_xlfn.XLOOKUP(C145,[1]StuntDes!$B:$B,[1]StuntDes!$C:$C)),"")} -> 攻击暴击伤害增加{0} | L145: =IF(M145="",IF(N145="",1,2),3) -> 2 | M145: =IFERROR(_xlfn.XLOOKUP(C145,[1]StuntDes!$B:$B,[1]StuntDes!$A:$A),"") | N145: =IFERROR(_xlfn.XLOOKUP(C145,[1]ModifierDes!$B:$B,[1]ModifierDes!$A:$A),"") -> 10060 | O145: =IFERROR(_xlfn.XLOOKUP(C145,[1]AttributeName!$C:$C,[1]AttributeName!$B:$B),"") | Q145: 0.72 | R145: 0.86 | S145: {=IFERROR(_xlfn.SWITCH(L145,1,_xlfn.XLOOKUP(O145,[1]AttributeName!$B:$B,[1]AttributeName!$D:$D),2,_xlfn.XLOOKUP(C145,#REF!,#REF!),3,_xlfn.XLOOKUP(C145,#REF!,#REF!)),0)} -> 0 | T145: {=IFERROR(_xlfn.SWITCH(L145,1,_xlfn.XLOOKUP(O145,[1]AttributeName!$B:$B,[1]AttributeName!$E:$E),2,_xlfn.XLOOKUP(C145,#REF!,#REF!),3,_xlfn.XLOOKUP(C145,#REF!,#REF!)),0)} -> 0
A146: =A138+1 -> 60 | B146: 5 | C146: 攻击暴击伤害增加 | D146: 长剑 | E146: 后缀 | G146: 2 | H146: 1000 | J146: {=_xlfn.SWITCH(B146,1,75,2,61,3,49,4,37,5,25,6,13,7,4,8,1)} -> 25 | K146: {=IFERROR(_xlfn.SWITCH(L146,2,_xlfn.XLOOKUP(C146,[1]ModifierDes!$B:$B,[1]ModifierDes!$C:$C),3,_xlfn.XLOOKUP(C146,[1]StuntDes!$B:$B,[1]StuntDes!$C:$C)),"")} -> 攻击暴击伤害增加{0} | L146: =IF(M146="",IF(N146="",1,2),3) -> 2 | M146: =IFERROR(_xlfn.XLOOKUP(C146,[1]StuntDes!$B:$B,[1]StuntDes!$A:$A),"") | N146: =IFERROR(_xlfn.XLOOKUP(C146,[1]ModifierDes!$B:$B,[1]ModifierDes!$A:$A),"") -> 10060 | O146: =IFERROR(_xlfn.XLOOKUP(C146,[1]AttributeName!$C:$C,[1]AttributeName!$B:$B),"") | Q146: 0.56 | R146: 0.7 | S146: {=IFERROR(_xlfn.SWITCH(L146,1,_xlfn.XLOOKUP(O146,[1]AttributeName!$B:$B,[1]AttributeName!$D:$D),2,_xlfn.XLOOKUP(C146,#REF!,#REF!),3,_xlfn.XLOOKUP(C146,#REF!,#REF!)),0)} -> 0 | T146: {=IFERROR(_xlfn.SWITCH(L146,1,_xlfn.XLOOKUP(O146,[1]AttributeName!$B:$B,[1]AttributeName!$E:$E),2,_xlfn.XLOOKUP(C146,#REF!,#REF!),3,_xlfn.XLOOKUP(C146,#REF!,#REF!)),0)} -> 0
A147: =A139+1 -> 60 | B147: 6 | C147: 攻击暴击伤害增加 | D147: 长剑 | E147: 后缀 | G147: 2 | H147: 1000 | J147: {=_xlfn.SWITCH(B147,1,75,2,61,3,49,4,37,5,25,6,13,7,4,8,1)} -> 13 | K147: {=IFERROR(_xlfn.SWITCH(L147,2,_xlfn.XLOOKUP(C147,[1]ModifierDes!$B:$B,[1]ModifierDes!$C:$C),3,_xlfn.XLOOKUP(C147,[1]StuntDes!$B:$B,[1]StuntDes!$C:$C)),"")} -> 攻击暴击伤害增加{0} | L147: =IF(M147="",IF(N147="",1,2),3) -> 2 | M147: =IFERROR(_xlfn.XLOOKUP(C147,[1]StuntDes!$B:$B,[1]StuntDes!$A:$A),"") | N147: =IFERROR(_xlfn.XLOOKUP(C147,[1]ModifierDes!$B:$B,[1]ModifierDes!$A:$A),"") -> 10060 | O147: =IFERROR(_xlfn.XLOOKUP(C147,[1]AttributeName!$C:$C,[1]AttributeName!$B:$B),"") | Q147: 0.4 | R147: 0.54 | S147: {=IFERROR(_xlfn.SWITCH(L147,1,_xlfn.XLOOKUP(O147,[1]AttributeName!$B:$B,[1]AttributeName!$D:$D),2,_xlfn.XLOOKUP(C147,#REF!,#REF!),3,_xlfn.XLOOKUP(C147,#REF!,#REF!)),0)} -> 0 | T147: {=IFERROR(_xlfn.SWITCH(L147,1,_xlfn.XLOOKUP(O147,[1]AttributeName!$B:$B,[1]AttributeName!$E:$E),2,_xlfn.XLOOKUP(C147,#REF!,#REF!),3,_xlfn.XLOOKUP(C147,#REF!,#REF!)),0)} -> 0
A148: =A140+1 -> 60 | B148: 7 | C148: 攻击暴击伤害增加 | D148: 长剑 | E148: 后缀 | G148: 2 | H148: 1000 | J148: {=_xlfn.SWITCH(B148,1,75,2,61,3,49,4,37,5,25,6,13,7,4,8,1)} -> 4 | K148: {=IFERROR(_xlfn.SWITCH(L148,2,_xlfn.XLOOKUP(C148,[1]ModifierDes!$B:$B,[1]ModifierDes!$C:$C),3,_xlfn.XLOOKUP(C148,[1]StuntDes!$B:$B,[1]StuntDes!$C:$C)),"")} -> 攻击暴击伤害增加{0} | L148: =IF(M148="",IF(N148="",1,2),3) -> 2 | M148: =IFERROR(_xlfn.XLOOKUP(C148,[1]StuntDes!$B:$B,[1]StuntDes!$A:$A),"") | N148: =IFERROR(_xlfn.XLOOKUP(C148,[1]ModifierDes!$B:$B,[1]ModifierDes!$A:$A),"") -> 10060 | O148: =IFERROR(_xlfn.XLOOKUP(C148,[1]AttributeName!$C:$C,[1]AttributeName!$B:$B),"") | Q148: 0.24 | R148: 0.38 | S148: {=IFERROR(_xlfn.SWITCH(L148,1,_xlfn.XLOOKUP(O148,[1]AttributeName!$B:$B,[1]AttributeName!$D:$D),2,_xlfn.XLOOKUP(C148,#REF!,#REF!),3,_xlfn.XLOOKUP(C148,#REF!,#REF!)),0)} -> 0 | T148: {=IFERROR(_xlfn.SWITCH(L148,1,_xlfn.XLOOKUP(O148,[1]AttributeName!$B:$B,[1]AttributeName!$E:$E),2,_xlfn.XLOOKUP(C148,#REF!,#REF!),3,_xlfn.XLOOKUP(C148,#REF!,#REF!)),0)} -> 0
A149: =A141+1 -> 60 | B149: 8 | C149: 攻击暴击伤害增加 | D149: 长剑 | E149: 后缀 | G149: 2 | H149: 1000 | J149: {=_xlfn.SWITCH(B149,1,75,2,61,3,49,4,37,5,25,6,13,7,4,8,1)} -> 1 | K149: {=IFERROR(_xlfn.SWITCH(L149,2,_xlfn.XLOOKUP(C149,[1]ModifierDes!$B:$B,[1]ModifierDes!$C:$C),3,_xlfn.XLOOKUP(C149,[1]StuntDes!$B:$B,[1]StuntDes!$C:$C)),"")} -> 攻击暴击伤害增加{0} | L149: =IF(M149="",IF(N149="",1,2),3) -> 2 | M149: =IFERROR(_xlfn.XLOOKUP(C149,[1]StuntDes!$B:$B,[1]StuntDes!$A:$A),"") | N149: =IFERROR(_xlfn.XLOOKUP(C149,[1]ModifierDes!$B:$B,[1]ModifierDes!$A:$A),"") -> 10060 | O149: =IFERROR(_xlfn.XLOOKUP(C149,[1]AttributeName!$C:$C,[1]AttributeName!$B:$B),"") | Q149: 0.08 | R149: 0.22 | S149: {=IFERROR(_xlfn.SWITCH(L149,1,_xlfn.XLOOKUP(O149,[1]AttributeName!$B:$B,[1]AttributeName!$D:$D),2,_xlfn.XLOOKUP(C149,#REF!,#REF!),3,_xlfn.XLOOKUP(C149,#REF!,#REF!)),0)} -> 0 | T149: {=IFERROR(_xlfn.SWITCH(L149,1,_xlfn.XLOOKUP(O149,[1]AttributeName!$B:$B,[1]AttributeName!$E:$E),2,_xlfn.XLOOKUP(C149,#REF!,#REF!),3,_xlfn.XLOOKUP(C149,#REF!,#REF!)),0)} -> 0
A150: =A142+1 -> 61 | B150: 1 | C150: 获得物理伤害 | D150: 长剑 | E150: 后缀 | G150: 2 | H150: 100 | J150: {=_xlfn.SWITCH(B150,1,75,2,61,3,49,4,37,5,25,6,13,7,4,8,1)} -> 75 | K150: {=IFERROR(_xlfn.SWITCH(L150,2,_xlfn.XLOOKUP(C150,[1]ModifierDes!$B:$B,[1]ModifierDes!$C:$C),3,_xlfn.XLOOKUP(C150,[1]StuntDes!$B:$B,[1]StuntDes!$C:$C)),"")} | L150: =IF(M150="",IF(N150="",1,2),3) -> 1 | M150: =IFERROR(_xlfn.XLOOKUP(C150,[1]StuntDes!$B:$B,[1]StuntDes!$A:$A),"") | N150: =IFERROR(_xlfn.XLOOKUP(C150,[1]ModifierDes!$B:$B,[1]ModifierDes!$A:$A),"") | O150: =IFERROR(_xlfn.XLOOKUP(C150,[1]AttributeName!$C:$C,[1]AttributeName!$B:$B),"") -> 10500 | Q150: 0.6 | R150: 0.8 | S150: {=IFERROR(_xlfn.SWITCH(L150,1,_xlfn.XLOOKUP(O150,[1]AttributeName!$B:$B,[1]AttributeName!$D:$D),2,_xlfn.XLOOKUP(C150,#REF!,#REF!),3,_xlfn.XLOOKUP(C150,#REF!,#REF!)),0)} -> 2 | T150: {=IFERROR(_xlfn.SWITCH(L150,1,_xlfn.XLOOKUP(O150,[1]AttributeName!$B:$B,[1]AttributeName!$E:$E),2,_xlfn.XLOOKUP(C150,#REF!,#REF!),3,_xlfn.XLOOKUP(C150,#REF!,#REF!)),0)} -> 2
A151: =A143+1 -> 61 | B151: 2 | C151: 获得物理伤害 | D151: 长剑 | E151: 后缀 | G151: 2 | H151: 200 | J151: {=_xlfn.SWITCH(B151,1,75,2,61,3,49,4,37,5,25,6,13,7,4,8,1)} -> 61 | K151: {=IFERROR(_xlfn.SWITCH(L151,2,_xlfn.XLOOKUP(C151,[1]ModifierDes!$B:$B,[1]ModifierDes!$C:$C),3,_xlfn.XLOOKUP(C151,[1]StuntDes!$B:$B,[1]StuntDes!$C:$C)),"")} | L151: =IF(M151="",IF(N151="",1,2),3) -> 1 | M151: =IFERROR(_xlfn.XLOOKUP(C151,[1]StuntDes!$B:$B,[1]StuntDes!$A:$A),"") | N151: =IFERROR(_xlfn.XLOOKUP(C151,[1]ModifierDes!$B:$B,[1]ModifierDes!$A:$A),"") | O151: =IFERROR(_xlfn.XLOOKUP(C151,[1]AttributeName!$C:$C,[1]AttributeName!$B:$B),"") -> 10500 | Q151: 0.52 | R151: 0.59 | S151: {=IFERROR(_xlfn.SWITCH(L151,1,_xlfn.XLOOKUP(O151,[1]AttributeName!$B:$B,[1]AttributeName!$D:$D),2,_xlfn.XLOOKUP(C151,#REF!,#REF!),3,_xlfn.XLOOKUP(C151,#REF!,#REF!)),0)} -> 2 | T151: {=IFERROR(_xlfn.SWITCH(L151,1,_xlfn.XLOOKUP(O151,[1]AttributeName!$B:$B,[1]AttributeName!$E:$E),2,_xlfn.XLOOKUP(C151,#REF!,#REF!),3,_xlfn.XLOOKUP(C151,#REF!,#REF!)),0)} -> 2
A152: =A144+1 -> 61 | B152: 3 | C152: 获得物理伤害 | D152: 长剑 | E152: 后缀 | G152: 2 | H152: 500 | J152: {=_xlfn.SWITCH(B152,1,75,2,61,3,49,4,37,5,25,6,13,7,4,8,1)} -> 49 | K152: {=IFERROR(_xlfn.SWITCH(L152,2,_xlfn.XLOOKUP(C152,[1]ModifierDes!$B:$B,[1]ModifierDes!$C:$C),3,_xlfn.XLOOKUP(C152,[1]StuntDes!$B:$B,[1]StuntDes!$C:$C)),"")} | L152: =IF(M152="",IF(N152="",1,2),3) -> 1 | M152: =IFERROR(_xlfn.XLOOKUP(C152,[1]StuntDes!$B:$B,[1]StuntDes!$A:$A),"") | N152: =IFERROR(_xlfn.XLOOKUP(C152,[1]ModifierDes!$B:$B,[1]ModifierDes!$A:$A),"") | O152: =IFERROR(_xlfn.XLOOKUP(C152,[1]AttributeName!$C:$C,[1]AttributeName!$B:$B),"") -> 10500 | Q152: 0.44 | R152: 0.51 | S152: {=IFERROR(_xlfn.SWITCH(L152,1,_xlfn.XLOOKUP(O152,[1]AttributeName!$B:$B,[1]AttributeName!$D:$D),2,_xlfn.XLOOKUP(C152,#REF!,#REF!),3,_xlfn.XLOOKUP(C152,#REF!,#REF!)),0)} -> 2 | T152: {=IFERROR(_xlfn.SWITCH(L152,1,_xlfn.XLOOKUP(O152,[1]AttributeName!$B:$B,[1]AttributeName!$E:$E),2,_xlfn.XLOOKUP(C152,#REF!,#REF!),3,_xlfn.XLOOKUP(C152,#REF!,#REF!)),0)} -> 2
A153: =A145+1 -> 61 | B153: 4 | C153: 获得物理伤害 | D153: 长剑 | E153: 后缀 | G153: 2 | H153: 1000 | J153: {=_xlfn.SWITCH(B153,1,75,2,61,3,49,4,37,5,25,6,13,7,4,8,1)} -> 37 | K153: {=IFERROR(_xlfn.SWITCH(L153,2,_xlfn.XLOOKUP(C153,[1]ModifierDes!$B:$B,[1]ModifierDes!$C:$C),3,_xlfn.XLOOKUP(C153,[1]StuntDes!$B:$B,[1]StuntDes!$C:$C)),"")} | L153: =IF(M153="",IF(N153="",1,2),3) -> 1 | M153: =IFERROR(_xlfn.XLOOKUP(C153,[1]StuntDes!$B:$B,[1]StuntDes!$A:$A),"") | N153: =IFERROR(_xlfn.XLOOKUP(C153,[1]ModifierDes!$B:$B,[1]ModifierDes!$A:$A),"") | O153: =IFERROR(_xlfn.XLOOKUP(C153,[1]AttributeName!$C:$C,[1]AttributeName!$B:$B),"") -> 10500 | Q153: 0.36 | R153: 0.43 | S153: {=IFERROR(_xlfn.SWITCH(L153,1,_xlfn.XLOOKUP(O153,[1]AttributeName!$B:$B,[1]AttributeName!$D:$D),2,_xlfn.XLOOKUP(C153,#REF!,#REF!),3,_xlfn.XLOOKUP(C153,#REF!,#REF!)),0)} -> 2 | T153: {=IFERROR(_xlfn.SWITCH(L153,1,_xlfn.XLOOKUP(O153,[1]AttributeName!$B:$B,[1]AttributeName!$E:$E),2,_xlfn.XLOOKUP(C153,#REF!,#REF!),3,_xlfn.XLOOKUP(C153,#REF!,#REF!)),0)} -> 2
A154: =A146+1 -> 61 | B154: 5 | C154: 获得物理伤害 | D154: 长剑 | E154: 后缀 | G154: 2 | H154: 1000 | J154: {=_xlfn.SWITCH(B154,1,75,2,61,3,49,4,37,5,25,6,13,7,4,8,1)} -> 25 | K154: {=IFERROR(_xlfn.SWITCH(L154,2,_xlfn.XLOOKUP(C154,[1]ModifierDes!$B:$B,[1]ModifierDes!$C:$C),3,_xlfn.XLOOKUP(C154,[1]StuntDes!$B:$B,[1]StuntDes!$C:$C)),"")} | L154: =IF(M154="",IF(N154="",1,2),3) -> 1 | M154: =IFERROR(_xlfn.XLOOKUP(C154,[1]StuntDes!$B:$B,[1]StuntDes!$A:$A),"") | N154: =IFERROR(_xlfn.XLOOKUP(C154,[1]ModifierDes!$B:$B,[1]ModifierDes!$A:$A),"") | O154: =IFERROR(_xlfn.XLOOKUP(C154,[1]AttributeName!$C:$C,[1]AttributeName!$B:$B),"") -> 10500 | Q154: 0.28 | R154: 0.35 | S154: {=IFERROR(_xlfn.SWITCH(L154,1,_xlfn.XLOOKUP(O154,[1]AttributeName!$B:$B,[1]AttributeName!$D:$D),2,_xlfn.XLOOKUP(C154,#REF!,#REF!),3,_xlfn.XLOOKUP(C154,#REF!,#REF!)),0)} -> 2 | T154: {=IFERROR(_xlfn.SWITCH(L154,1,_xlfn.XLOOKUP(O154,[1]AttributeName!$B:$B,[1]AttributeName!$E:$E),2,_xlfn.XLOOKUP(C154,#REF!,#REF!),3,_xlfn.XLOOKUP(C154,#REF!,#REF!)),0)} -> 2
... A261: =A253+1 -> 74 | B261: 8 | C261: 降低装备穿戴等级 | D261: 长剑 | E261: 后缀 | G261: 2 | H261: 1000 | J261: {=_xlfn.SWITCH(B261,1,75,2,61,3,49,4,37,5,25,6,13,7,4,8,1)} -> 1 | K261: {=IFERROR(_xlfn.SWITCH(L261,2,_xlfn.XLOOKUP(C261,[1]ModifierDes!$B:$B,[1]ModifierDes!$C:$C),3,_xlfn.XLOOKUP(C261,[1]StuntDes!$B:$B,[1]StuntDes!$C:$C)),"")} | L261: =IF(M261="",IF(N261="",1,2),3) -> 1 | M261: =IFERROR(_xlfn.XLOOKUP(C261,[1]StuntDes!$B:$B,[1]StuntDes!$A:$A),"") | N261: =IFERROR(_xlfn.XLOOKUP(C261,[1]ModifierDes!$B:$B,[1]ModifierDes!$A:$A),"") | O261: =IFERROR(_xlfn.XLOOKUP(C261,[1]AttributeName!$C:$C,[1]AttributeName!$B:$B),"") -> 10900 | Q261: 1 | R261: 2 | S261: {=IFERROR(_xlfn.SWITCH(L261,1,_xlfn.XLOOKUP(O261,[1]AttributeName!$B:$B,[1]AttributeName!$D:$D),2,_xlfn.XLOOKUP(C261,#REF!,#REF!),3,_xlfn.XLOOKUP(C261,#REF!,#REF!)),0)} -> 0 | T261: {=IFERROR(_xlfn.SWITCH(L261,1,_xlfn.XLOOKUP(O261,[1]AttributeName!$B:$B,[1]AttributeName!$E:$E),2,_xlfn.XLOOKUP(C261,#REF!,#REF!),3,_xlfn.XLOOKUP(C261,#REF!,#REF!)),0)} -> 1
A262: 101 | B262: 1 | C262: 基础生命 | D262: 头部 | E262: 前缀 | G262: 1 | H262: 1000 | J262: {=_xlfn.SWITCH(B262,1,75,2,61,3,49,4,37,5,25,6,13,7,4,8,1)} -> 75 | K262: {=IFERROR(_xlfn.SWITCH(L262,2,_xlfn.XLOOKUP(C262,[1]ModifierDes!$B:$B,[1]ModifierDes!$C:$C),3,_xlfn.XLOOKUP(C262,[1]StuntDes!$B:$B,[1]StuntDes!$C:$C)),"")} | L262: =IF(M262="",IF(N262="",1,2),3) -> 1 | M262: =IFERROR(_xlfn.XLOOKUP(C262,[1]StuntDes!$B:$B,[1]StuntDes!$A:$A),"") | N262: =IFERROR(_xlfn.XLOOKUP(C262,[1]ModifierDes!$B:$B,[1]ModifierDes!$A:$A),"") | O262: =IFERROR(_xlfn.XLOOKUP(C262,[1]AttributeName!$C:$C,[1]AttributeName!$B:$B),"") -> 10001 | Q262: 950 | R262: 1050 | S262: {=IFERROR(_xlfn.SWITCH(L262,1,_xlfn.XLOOKUP(O262,[1]AttributeName!$B:$B,[1]AttributeName!$D:$D),2,_xlfn.XLOOKUP(C262,#REF!,#REF!),3,_xlfn.XLOOKUP(C262,#REF!,#REF!)),0)} -> 0 | T262: {=IFERROR(_xlfn.SWITCH(L262,1,_xlfn.XLOOKUP(O262,[1]AttributeName!$B:$B,[1]AttributeName!$E:$E),2,_xlfn.XLOOKUP(C262,#REF!,#REF!),3,_xlfn.XLOOKUP(C262,#REF!,#REF!)),0)} -> 1
A263: 101 | B263: 2 | C263: 基础生命 | D263: 头部 | E263: 前缀 | G263: 1 | H263: 1000 | J263: {=_xlfn.SWITCH(B263,1,75,2,61,3,49,4,37,5,25,6,13,7,4,8,1)} -> 61 | K263: {=IFERROR(_xlfn.SWITCH(L263,2,_xlfn.XLOOKUP(C263,[1]ModifierDes!$B:$B,[1]ModifierDes!$C:$C),3,_xlfn.XLOOKUP(C263,[1]StuntDes!$B:$B,[1]StuntDes!$C:$C)),"")} | L263: =IF(M263="",IF(N263="",1,2),3) -> 1 | M263: =IFERROR(_xlfn.XLOOKUP(C263,[1]StuntDes!$B:$B,[1]StuntDes!$A:$A),"") | N263: =IFERROR(_xlfn.XLOOKUP(C263,[1]ModifierDes!$B:$B,[1]ModifierDes!$A:$A),"") | O263: =IFERROR(_xlfn.XLOOKUP(C263,[1]AttributeName!$C:$C,[1]AttributeName!$B:$B),"") -> 10001 | Q263: 520 | R263: 600 | S263: {=IFERROR(_xlfn.SWITCH(L263,1,_xlfn.XLOOKUP(O263,[1]AttributeName!$B:$B,[1]AttributeName!$D:$D),2,_xlfn.XLOOKUP(C263,#REF!,#REF!),3,_xlfn.XLOOKUP(C263,#REF!,#REF!)),0)} -> 0 | T263: {=IFERROR(_xlfn.SWITCH(L263,1,_xlfn.XLOOKUP(O263,[1]AttributeName!$B:$B,[1]AttributeName!$E:$E),2,_xlfn.XLOOKUP(C263,#REF!,#REF!),3,_xlfn.XLOOKUP(C263,#REF!,#REF!)),0)} -> 1
A264: 101 | B264: 3 | C264: 基础生命 | D264: 头部 | E264: 前缀 | G264: 1 | H264: 1000 | J264: {=_xlfn.SWITCH(B264,1,75,2,61,3,49,4,37,5,25,6,13,7,4,8,1)} -> 49 | K264: {=IFERROR(_xlfn.SWITCH(L264,2,_xlfn.XLOOKUP(C264,[1]ModifierDes!$B:$B,[1]ModifierDes!$C:$C),3,_xlfn.XLOOKUP(C264,[1]StuntDes!$B:$B,[1]StuntDes!$C:$C)),"")} | L264: =IF(M264="",IF(N264="",1,2),3) -> 1 | M264: =IFERROR(_xlfn.XLOOKUP(C264,[1]StuntDes!$B:$B,[1]StuntDes!$A:$A),"") | N264: =IFERROR(_xlfn.XLOOKUP(C264,[1]ModifierDes!$B:$B,[1]ModifierDes!$A:$A),"") | O264: =IFERROR(_xlfn.XLOOKUP(C264,[1]AttributeName!$C:$C,[1]AttributeName!$B:$B),"") -> 10001 | Q264: 250 | R264: 310 | S264: {=IFERROR(_xlfn.SWITCH(L264,1,_xlfn.XLOOKUP(O264,[1]AttributeName!$B:$B,[1]AttributeName!$D:$D),2,_xlfn.XLOOKUP(C264,#REF!,#REF!),3,_xlfn.XLOOKUP(C264,#REF!,#REF!)),0)} -> 0 | T264: {=IFERROR(_xlfn.SWITCH(L264,1,_xlfn.XLOOKUP(O264,[1]AttributeName!$B:$B,[1]AttributeName!$E:$E),2,_xlfn.XLOOKUP(C264,#REF!,#REF!),3,_xlfn.XLOOKUP(C264,#REF!,#REF!)),0)} -> 1
A265: 101 | B265: 4 | C265: 基础生命 | D265: 头部 | E265: 前缀 | G265: 1 | H265: 1000 | J265: {=_xlfn.SWITCH(B265,1,75,2,61,3,49,4,37,5,25,6,13,7,4,8,1)} -> 37 | K265: {=IFERROR(_xlfn.SWITCH(L265,2,_xlfn.XLOOKUP(C265,[1]ModifierDes!$B:$B,[1]ModifierDes!$C:$C),3,_xlfn.XLOOKUP(C265,[1]StuntDes!$B:$B,[1]StuntDes!$C:$C)),"")} | L265: =IF(M265="",IF(N265="",1,2),3) -> 1 | M265: =IFERROR(_xlfn.XLOOKUP(C265,[1]StuntDes!$B:$B,[1]StuntDes!$A:$A),"") | N265: =IFERROR(_xlfn.XLOOKUP(C265,[1]ModifierDes!$B:$B,[1]ModifierDes!$A:$A),"") | O265: =IFERROR(_xlfn.XLOOKUP(C265,[1]AttributeName!$C:$C,[1]AttributeName!$B:$B),"") -> 10001 | Q265: 120 | R265: 160 | S265: {=IFERROR(_xlfn.SWITCH(L265,1,_xlfn.XLOOKUP(O265,[1]AttributeName!$B:$B,[1]AttributeName!$D:$D),2,_xlfn.XLOOKUP(C265,#REF!,#REF!),3,_xlfn.XLOOKUP(C265,#REF!,#REF!)),0)} -> 0 | T265: {=IFERROR(_xlfn.SWITCH(L265,1,_xlfn.XLOOKUP(O265,[1]AttributeName!$B:$B,[1]AttributeName!$E:$E),2,_xlfn.XLOOKUP(C265,#REF!,#REF!),3,_xlfn.XLOOKUP(C265,#REF!,#REF!)),0)} -> 1
A266: 101 | B266: 5 | C266: 基础生命 | D266: 头部 | E266: 前缀 | G266: 1 | H266: 1000 | J266: {=_xlfn.SWITCH(B266,1,75,2,61,3,49,4,37,5,25,6,13,7,4,8,1)} -> 25 | K266: {=IFERROR(_xlfn.SWITCH(L266,2,_xlfn.XLOOKUP(C266,[1]ModifierDes!$B:$B,[1]ModifierDes!$C:$C),3,_xlfn.XLOOKUP(C266,[1]StuntDes!$B:$B,[1]StuntDes!$C:$C)),"")} | L266: =IF(M266="",IF(N266="",1,2),3) -> 1 | M266: =IFERROR(_xlfn.XLOOKUP(C266,[1]StuntDes!$B:$B,[1]StuntDes!$A:$A),"") | N266: =IFERROR(_xlfn.XLOOKUP(C266,[1]ModifierDes!$B:$B,[1]ModifierDes!$A:$A),"") | O266: =IFERROR(_xlfn.XLOOKUP(C266,[1]AttributeName!$C:$C,[1]AttributeName!$B:$B),"") -> 10001 | Q266: 60 | R266: 80 | S266: {=IFERROR(_xlfn.SWITCH(L266,1,_xlfn.XLOOKUP(O266,[1]AttributeName!$B:$B,[1]AttributeName!$D:$D),2,_xlfn.XLOOKUP(C266,#REF!,#REF!),3,_xlfn.XLOOKUP(C266,#REF!,#REF!)),0)} -> 0 | T266: {=IFERROR(_xlfn.SWITCH(L266,1,_xlfn.XLOOKUP(O266,[1]AttributeName!$B:$B,[1]AttributeName!$E:$E),2,_xlfn.XLOOKUP(C266,#REF!,#REF!),3,_xlfn.XLOOKUP(C266,#REF!,#REF!)),0)} -> 1
A267: 101 | B267: 6 | C267: 基础生命 | D267: 头部 | E267: 前缀 | G267: 1 | H267: 1000 | J267: {=_xlfn.SWITCH(B267,1,75,2,61,3,49,4,37,5,25,6,13,7,4,8,1)} -> 13 | K267: {=IFERROR(_xlfn.SWITCH(L267,2,_xlfn.XLOOKUP(C267,[1]ModifierDes!$B:$B,[1]ModifierDes!$C:$C),3,_xlfn.XLOOKUP(C267,[1]StuntDes!$B:$B,[1]StuntDes!$C:$C)),"")} | L267: =IF(M267="",IF(N267="",1,2),3) -> 1 | M267: =IFERROR(_xlfn.XLOOKUP(C267,[1]StuntDes!$B:$B,[1]StuntDes!$A:$A),"") | N267: =IFERROR(_xlfn.XLOOKUP(C267,[1]ModifierDes!$B:$B,[1]ModifierDes!$A:$A),"") | O267: =IFERROR(_xlfn.XLOOKUP(C267,[1]AttributeName!$C:$C,[1]AttributeName!$B:$B),"") -> 10001 | Q267: 30 | R267: 40 | S267: {=IFERROR(_xlfn.SWITCH(L267,1,_xlfn.XLOOKUP(O267,[1]AttributeName!$B:$B,[1]AttributeName!$D:$D),2,_xlfn.XLOOKUP(C267,#REF!,#REF!),3,_xlfn.XLOOKUP(C267,#REF!,#REF!)),0)} -> 0 | T267: {=IFERROR(_xlfn.SWITCH(L267,1,_xlfn.XLOOKUP(O267,[1]AttributeName!$B:$B,[1]AttributeName!$E:$E),2,_xlfn.XLOOKUP(C267,#REF!,#REF!),3,_xlfn.XLOOKUP(C267,#REF!,#REF!)),0)} -> 1
A268: 101 | B268: 7 | C268: 基础生命 | D268: 头部 | E268: 前缀 | G268: 1 | H268: 1000 | J268: {=_xlfn.SWITCH(B268,1,75,2,61,3,49,4,37,5,25,6,13,7,4,8,1)} -> 4 | K268: {=IFERROR(_xlfn.SWITCH(L268,2,_xlfn.XLOOKUP(C268,[1]ModifierDes!$B:$B,[1]ModifierDes!$C:$C),3,_xlfn.XLOOKUP(C268,[1]StuntDes!$B:$B,[1]StuntDes!$C:$C)),"")} | L268: =IF(M268="",IF(N268="",1,2),3) -> 1 | M268: =IFERROR(_xlfn.XLOOKUP(C268,[1]StuntDes!$B:$B,[1]StuntDes!$A:$A),"") | N268: =IFERROR(_xlfn.XLOOKUP(C268,[1]ModifierDes!$B:$B,[1]ModifierDes!$A:$A),"") | O268: =IFERROR(_xlfn.XLOOKUP(C268,[1]AttributeName!$C:$C,[1]AttributeName!$B:$B),"") -> 10001 | Q268: 12 | R268: 20 | S268: {=IFERROR(_xlfn.SWITCH(L268,1,_xlfn.XLOOKUP(O268,[1]AttributeName!$B:$B,[1]AttributeName!$D:$D),2,_xlfn.XLOOKUP(C268,#REF!,#REF!),3,_xlfn.XLOOKUP(C268,#REF!,#REF!)),0)} -> 0 | T268: {=IFERROR(_xlfn.SWITCH(L268,1,_xlfn.XLOOKUP(O268,[1]AttributeName!$B:$B,[1]AttributeName!$E:$E),2,_xlfn.XLOOKUP(C268,#REF!,#REF!),3,_xlfn.XLOOKUP(C268,#REF!,#REF!)),0)} -> 1
A269: 101 | B269: 8 | C269: 基础生命 | D269: 头部 | E269: 前缀 | G269: 1 | H269: 1000 | J269: {=_xlfn.SWITCH(B269,1,75,2,61,3,49,4,37,5,25,6,13,7,4,8,1)} -> 1 | K269: {=IFERROR(_xlfn.SWITCH(L269,2,_xlfn.XLOOKUP(C269,[1]ModifierDes!$B:$B,[1]ModifierDes!$C:$C),3,_xlfn.XLOOKUP(C269,[1]StuntDes!$B:$B,[1]StuntDes!$C:$C)),"")} | L269: =IF(M269="",IF(N269="",1,2),3) -> 1 | M269: =IFERROR(_xlfn.XLOOKUP(C269,[1]StuntDes!$B:$B,[1]StuntDes!$A:$A),"") | N269: =IFERROR(_xlfn.XLOOKUP(C269,[1]ModifierDes!$B:$B,[1]ModifierDes!$A:$A),"") | O269: =IFERROR(_xlfn.XLOOKUP(C269,[1]AttributeName!$C:$C,[1]AttributeName!$B:$B),"") -> 10001 | Q269: 6 | R269: 10 | S269: {=IFERROR(_xlfn.SWITCH(L269,1,_xlfn.XLOOKUP(O269,[1]AttributeName!$B:$B,[1]AttributeName!$D:$D),2,_xlfn.XLOOKUP(C269,#REF!,#REF!),3,_xlfn.XLOOKUP(C269,#REF!,#REF!)),0)} -> 0 | T269: {=IFERROR(_xlfn.SWITCH(L269,1,_xlfn.XLOOKUP(O269,[1]AttributeName!$B:$B,[1]AttributeName!$E:$E),2,_xlfn.XLOOKUP(C269,#REF!,#REF!),3,_xlfn.XLOOKUP(C269,#REF!,#REF!)),0)} -> 1
A270: =A262+1 -> 102 | B270: 1 | C270: 基础魔力 | D270: 头部 | E270: 前缀 | G270: 1 | H270: 1000 | J270: {=_xlfn.SWITCH(B270,1,75,2,61,3,49,4,37,5,25,6,13,7,4,8,1)} -> 75 | K270: {=IFERROR(_xlfn.SWITCH(L270,2,_xlfn.XLOOKUP(C270,[1]ModifierDes!$B:$B,[1]ModifierDes!$C:$C),3,_xlfn.XLOOKUP(C270,[1]StuntDes!$B:$B,[1]StuntDes!$C:$C)),"")} | L270: =IF(M270="",IF(N270="",1,2),3) -> 1 | M270: =IFERROR(_xlfn.XLOOKUP(C270,[1]StuntDes!$B:$B,[1]StuntDes!$A:$A),"") | N270: =IFERROR(_xlfn.XLOOKUP(C270,[1]ModifierDes!$B:$B,[1]ModifierDes!$A:$A),"") | O270: =IFERROR(_xlfn.XLOOKUP(C270,[1]AttributeName!$C:$C,[1]AttributeName!$B:$B),"") -> 10002 | Q270: 71 | R270: 80 | S270: {=IFERROR(_xlfn.SWITCH(L270,1,_xlfn.XLOOKUP(O270,[1]AttributeName!$B:$B,[1]AttributeName!$D:$D),2,_xlfn.XLOOKUP(C270,#REF!,#REF!),3,_xlfn.XLOOKUP(C270,#REF!,#REF!)),0)} -> 0 | T270: {=IFERROR(_xlfn.SWITCH(L270,1,_xlfn.XLOOKUP(O270,[1]AttributeName!$B:$B,[1]AttributeName!$E:$E),2,_xlfn.XLOOKUP(C270,#REF!,#REF!),3,_xlfn.XLOOKUP(C270,#REF!,#REF!)),0)} -> 1
A271: =A263+1 -> 102 | B271: 2 | C271: 基础魔力 | D271: 头部 | E271: 前缀 | G271: 1 | H271: 1000 | J271: {=_xlfn.SWITCH(B271,1,75,2,61,3,49,4,37,5,25,6,13,7,4,8,1)} -> 61 | K271: {=IFERROR(_xlfn.SWITCH(L271,2,_xlfn.XLOOKUP(C271,[1]ModifierDes!$B:$B,[1]ModifierDes!$C:$C),3,_xlfn.XLOOKUP(C271,[1]StuntDes!$B:$B,[1]StuntDes!$C:$C)),"")} | L271: =IF(M271="",IF(N271="",1,2),3) -> 1 | M271: =IFERROR(_xlfn.XLOOKUP(C271,[1]StuntDes!$B:$B,[1]StuntDes!$A:$A),"") | N271: =IFERROR(_xlfn.XLOOKUP(C271,[1]ModifierDes!$B:$B,[1]ModifierDes!$A:$A),"") | O271: =IFERROR(_xlfn.XLOOKUP(C271,[1]AttributeName!$C:$C,[1]AttributeName!$B:$B),"") -> 10002 | Q271: 61 | R271: 70 | S271: {=IFERROR(_xlfn.SWITCH(L271,1,_xlfn.XLOOKUP(O271,[1]AttributeName!$B:$B,[1]AttributeName!$D:$D),2,_xlfn.XLOOKUP(C271,#REF!,#REF!),3,_xlfn.XLOOKUP(C271,#REF!,#REF!)),0)} -> 0 | T271: {=IFERROR(_xlfn.SWITCH(L271,1,_xlfn.XLOOKUP(O271,[1]AttributeName!$B:$B,[1]AttributeName!$E:$E),2,_xlfn.XLOOKUP(C271,#REF!,#REF!),3,_xlfn.XLOOKUP(C271,#REF!,#REF!)),0)} -> 1
A272: =A264+1 -> 102 | B272: 3 | C272: 基础魔力 | D272: 头部 | E272: 前缀 | G272: 1 | H272: 1000 | J272: {=_xlfn.SWITCH(B272,1,75,2,61,3,49,4,37,5,25,6,13,7,4,8,1)} -> 49 | K272: {=IFERROR(_xlfn.SWITCH(L272,2,_xlfn.XLOOKUP(C272,[1]ModifierDes!$B:$B,[1]ModifierDes!$C:$C),3,_xlfn.XLOOKUP(C272,[1]StuntDes!$B:$B,[1]StuntDes!$C:$C)),"")} | L272: =IF(M272="",IF(N272="",1,2),3) -> 1 | M272: =IFERROR(_xlfn.XLOOKUP(C272,[1]StuntDes!$B:$B,[1]StuntDes!$A:$A),"") | N272: =IFERROR(_xlfn.XLOOKUP(C272,[1]ModifierDes!$B:$B,[1]ModifierDes!$A:$A),"") | O272: =IFERROR(_xlfn.XLOOKUP(C272,[1]AttributeName!$C:$C,[1]AttributeName!$B:$B),"") -> 10002 | Q272: 51 | R272: 60 | S272: {=IFERROR(_xlfn.SWITCH(L272,1,_xlfn.XLOOKUP(O272,[1]AttributeName!$B:$B,[1]AttributeName!$D:$D),2,_xlfn.XLOOKUP(C272,#REF!,#REF!),3,_xlfn.XLOOKUP(C272,#REF!,#REF!)),0)} -> 0 | T272: {=IFERROR(_xlfn.SWITCH(L272,1,_xlfn.XLOOKUP(O272,[1]AttributeName!$B:$B,[1]AttributeName!$E:$E),2,_xlfn.XLOOKUP(C272,#REF!,#REF!),3,_xlfn.XLOOKUP(C272,#REF!,#REF!)),0)} -> 1
A273: =A265+1 -> 102 | B273: 4 | C273: 基础魔力 | D273: 头部 | E273: 前缀 | G273: 1 | H273: 1000 | J273: {=_xlfn.SWITCH(B273,1,75,2,61,3,49,4,37,5,25,6,13,7,4,8,1)} -> 37 | K273: {=IFERROR(_xlfn.SWITCH(L273,2,_xlfn.XLOOKUP(C273,[1]ModifierDes!$B:$B,[1]ModifierDes!$C:$C),3,_xlfn.XLOOKUP(C273,[1]StuntDes!$B:$B,[1]StuntDes!$C:$C)),"")} | L273: =IF(M273="",IF(N273="",1,2),3) -> 1 | M273: =IFERROR(_xlfn.XLOOKUP(C273,[1]StuntDes!$B:$B,[1]StuntDes!$A:$A),"") | N273: =IFERROR(_xlfn.XLOOKUP(C273,[1]ModifierDes!$B:$B,[1]ModifierDes!$A:$A),"") | O273: =IFERROR(_xlfn.XLOOKUP(C273,[1]AttributeName!$C:$C,[1]AttributeName!$B:$B),"") -> 10002 | Q273: 41 | R273: 50 | S273: {=IFERROR(_xlfn.SWITCH(L273,1,_xlfn.XLOOKUP(O273,[1]AttributeName!$B:$B,[1]AttributeName!$D:$D),2,_xlfn.XLOOKUP(C273,#REF!,#REF!),3,_xlfn.XLOOKUP(C273,#REF!,#REF!)),0)} -> 0 | T273: {=IFERROR(_xlfn.SWITCH(L273,1,_xlfn.XLOOKUP(O273,[1]AttributeName!$B:$B,[1]AttributeName!$E:$E),2,_xlfn.XLOOKUP(C273,#REF!,#REF!),3,_xlfn.XLOOKUP(C273,#REF!,#REF!)),0)} -> 1
A274: =A266+1 -> 102 | B274: 5 | C274: 基础魔力 | D274: 头部 | E274: 前缀 | G274: 1 | H274: 1000 | J274: {=_xlfn.SWITCH(B274,1,75,2,61,3,49,4,37,5,25,6,13,7,4,8,1)} -> 25 | K274: {=IFERROR(_xlfn.SWITCH(L274,2,_xlfn.XLOOKUP(C274,[1]ModifierDes!$B:$B,[1]ModifierDes!$C:$C),3,_xlfn.XLOOKUP(C274,[1]StuntDes!$B:$B,[1]StuntDes!$C:$C)),"")} | L274: =IF(M274="",IF(N274="",1,2),3) -> 1 | M274: =IFERROR(_xlfn.XLOOKUP(C274,[1]StuntDes!$B:$B,[1]StuntDes!$A:$A),"") | N274: =IFERROR(_xlfn.XLOOKUP(C274,[1]ModifierDes!$B:$B,[1]ModifierDes!$A:$A),"") | O274: =IFERROR(_xlfn.XLOOKUP(C274,[1]AttributeName!$C:$C,[1]AttributeName!$B:$B),"") -> 10002 | Q274: 31 | R274: 40 | S274: {=IFERROR(_xlfn.SWITCH(L274,1,_xlfn.XLOOKUP(O274,[1]AttributeName!$B:$B,[1]AttributeName!$D:$D),2,_xlfn.XLOOKUP(C274,#REF!,#REF!),3,_xlfn.XLOOKUP(C274,#REF!,#REF!)),0)} -> 0 | T274: {=IFERROR(_xlfn.SWITCH(L274,1,_xlfn.XLOOKUP(O274,[1]AttributeName!$B:$B,[1]AttributeName!$E:$E),2,_xlfn.XLOOKUP(C274,#REF!,#REF!),3,_xlfn.XLOOKUP(C274,#REF!,#REF!)),0)} -> 1
A275: =A267+1 -> 102 | B275: 6 | C275: 基础魔力 | D275: 头部 | E275: 前缀 | G275: 1 | H275: 1000 | J275: {=_xlfn.SWITCH(B275,1,75,2,61,3,49,4,37,5,25,6,13,7,4,8,1)} -> 13 | K275: {=IFERROR(_xlfn.SWITCH(L275,2,_xlfn.XLOOKUP(C275,[1]ModifierDes!$B:$B,[1]ModifierDes!$C:$C),3,_xlfn.XLOOKUP(C275,[1]StuntDes!$B:$B,[1]StuntDes!$C:$C)),"")} | L275: =IF(M275="",IF(N275="",1,2),3) -> 1 | M275: =IFERROR(_xlfn.XLOOKUP(C275,[1]StuntDes!$B:$B,[1]StuntDes!$A:$A),"") | N275: =IFERROR(_xlfn.XLOOKUP(C275,[1]ModifierDes!$B:$B,[1]ModifierDes!$A:$A),"") | O275: =IFERROR(_xlfn.XLOOKUP(C275,[1]AttributeName!$C:$C,[1]AttributeName!$B:$B),"") -> 10002 | Q275: 21 | R275: 30 | S275: {=IFERROR(_xlfn.SWITCH(L275,1,_xlfn.XLOOKUP(O275,[1]AttributeName!$B:$B,[1]AttributeName!$D:$D),2,_xlfn.XLOOKUP(C275,#REF!,#REF!),3,_xlfn.XLOOKUP(C275,#REF!,#REF!)),0)} -> 0 | T275: {=IFERROR(_xlfn.SWITCH(L275,1,_xlfn.XLOOKUP(O275,[1]AttributeName!$B:$B,[1]AttributeName!$E:$E),2,_xlfn.XLOOKUP(C275,#REF!,#REF!),3,_xlfn.XLOOKUP(C275,#REF!,#REF!)),0)} -> 1
A276: =A268+1 -> 102 | B276: 7 | C276: 基础魔力 | D276: 头部 | E276: 前缀 | G276: 1 | H276: 1000 | J276: {=_xlfn.SWITCH(B276,1,75,2,61,3,49,4,37,5,25,6,13,7,4,8,1)} -> 4 | K276: {=IFERROR(_xlfn.SWITCH(L276,2,_xlfn.XLOOKUP(C276,[1]ModifierDes!$B:$B,[1]ModifierDes!$C:$C),3,_xlfn.XLOOKUP(C276,[1]StuntDes!$B:$B,[1]StuntDes!$C:$C)),"")} | L276: =IF(M276="",IF(N276="",1,2),3) -> 1 | M276: =IFERROR(_xlfn.XLOOKUP(C276,[1]StuntDes!$B:$B,[1]StuntDes!$A:$A),"") | N276: =IFERROR(_xlfn.XLOOKUP(C276,[1]ModifierDes!$B:$B,[1]ModifierDes!$A:$A),"") | O276: =IFERROR(_xlfn.XLOOKUP(C276,[1]AttributeName!$C:$C,[1]AttributeName!$B:$B),"") -> 10002 | Q276: 10 | R276: 20 | S276: {=IFERROR(_xlfn.SWITCH(L276,1,_xlfn.XLOOKUP(O276,[1]AttributeName!$B:$B,[1]AttributeName!$D:$D),2,_xlfn.XLOOKUP(C276,#REF!,#REF!),3,_xlfn.XLOOKUP(C276,#REF!,#REF!)),0)} -> 0 | T276: {=IFERROR(_xlfn.SWITCH(L276,1,_xlfn.XLOOKUP(O276,[1]AttributeName!$B:$B,[1]AttributeName!$E:$E),2,_xlfn.XLOOKUP(C276,#REF!,#REF!),3,_xlfn.XLOOKUP(C276,#REF!,#REF!)),0)} -> 1
A277: =A269+1 -> 102 | B277: 8 | C277: 基础魔力 | D277: 头部 | E277: 前缀 | G277: 1 | H277: 1000 | J277: {=_xlfn.SWITCH(B277,1,75,2,61,3,49,4,37,5,25,6,13,7,4,8,1)} -> 1 | K277: {=IFERROR(_xlfn.SWITCH(L277,2,_xlfn.XLOOKUP(C277,[1]ModifierDes!$B:$B,[1]ModifierDes!$C:$C),3,_xlfn.XLOOKUP(C277,[1]StuntDes!$B:$B,[1]StuntDes!$C:$C)),"")} | L277: =IF(M277="",IF(N277="",1,2),3) -> 1 | M277: =IFERROR(_xlfn.XLOOKUP(C277,[1]StuntDes!$B:$B,[1]StuntDes!$A:$A),"") | N277: =IFERROR(_xlfn.XLOOKUP(C277,[1]ModifierDes!$B:$B,[1]ModifierDes!$A:$A),"") | O277: =IFERROR(_xlfn.XLOOKUP(C277,[1]AttributeName!$C:$C,[1]AttributeName!$B:$B),"") -> 10002 | Q277: 5 | R277: 9 | S277: {=IFERROR(_xlfn.SWITCH(L277,1,_xlfn.XLOOKUP(O277,[1]AttributeName!$B:$B,[1]AttributeName!$D:$D),2,_xlfn.XLOOKUP(C277,#REF!,#REF!),3,_xlfn.XLOOKUP(C277,#REF!,#REF!)),0)} -> 0 | T277: {=IFERROR(_xlfn.SWITCH(L277,1,_xlfn.XLOOKUP(O277,[1]AttributeName!$B:$B,[1]AttributeName!$E:$E),2,_xlfn.XLOOKUP(C277,#REF!,#REF!),3,_xlfn.XLOOKUP(C277,#REF!,#REF!)),0)} -> 1
A278: =A270+1 -> 103 | B278: 1 | C278: 装备稀有度 | D278: 头部 | E278: 前缀 | G278: 1 | H278: 1000 | J278: {=_xlfn.SWITCH(B278,1,75,2,61,3,49,4,37,5,25,6,13,7,4,8,1)} -> 75 | K278: {=IFERROR(_xlfn.SWITCH(L278,2,_xlfn.XLOOKUP(C278,[1]ModifierDes!$B:$B,[1]ModifierDes!$C:$C),3,_xlfn.XLOOKUP(C278,[1]StuntDes!$B:$B,[1]StuntDes!$C:$C)),"")} | L278: =IF(M278="",IF(N278="",1,2),3) -> 1 | M278: =IFERROR(_xlfn.XLOOKUP(C278,[1]StuntDes!$B:$B,[1]StuntDes!$A:$A),"") | N278: =IFERROR(_xlfn.XLOOKUP(C278,[1]ModifierDes!$B:$B,[1]ModifierDes!$A:$A),"") | O278: =IFERROR(_xlfn.XLOOKUP(C278,[1]AttributeName!$C:$C,[1]AttributeName!$B:$B),"") -> 10700 | Q278: 0.08 | R278: 0.1 | S278: {=IFERROR(_xlfn.SWITCH(L278,1,_xlfn.XLOOKUP(O278,[1]AttributeName!$B:$B,[1]AttributeName!$D:$D),2,_xlfn.XLOOKUP(C278,#REF!,#REF!),3,_xlfn.XLOOKUP(C278,#REF!,#REF!)),0)} -> 2 | T278: {=IFERROR(_xlfn.SWITCH(L278,1,_xlfn.XLOOKUP(O278,[1]AttributeName!$B:$B,[1]AttributeName!$E:$E),2,_xlfn.XLOOKUP(C278,#REF!,#REF!),3,_xlfn.XLOOKUP(C278,#REF!,#REF!)),0)} -> 2
A279: =A271+1 -> 103 | B279: 2 | C279: 装备稀有度 | D279: 头部 | E279: 前缀 | G279: 1 | H279: 1000 | J279: {=_xlfn.SWITCH(B279,1,75,2,61,3,49,4,37,5,25,6,13,7,4,8,1)} -> 61 | K279: {=IFERROR(_xlfn.SWITCH(L279,2,_xlfn.XLOOKUP(C279,[1]ModifierDes!$B:$B,[1]ModifierDes!$C:$C),3,_xlfn.XLOOKUP(C279,[1]StuntDes!$B:$B,[1]StuntDes!$C:$C)),"")} | L279: =IF(M279="",IF(N279="",1,2),3) -> 1 | M279: =IFERROR(_xlfn.XLOOKUP(C279,[1]StuntDes!$B:$B,[1]StuntDes!$A:$A),"") | N279: =IFERROR(_xlfn.XLOOKUP(C279,[1]ModifierDes!$B:$B,[1]ModifierDes!$A:$A),"") | O279: =IFERROR(_xlfn.XLOOKUP(C279,[1]AttributeName!$C:$C,[1]AttributeName!$B:$B),"") -> 10700 | Q279: 0.07 | R279: 0.07 | S279: {=IFERROR(_xlfn.SWITCH(L279,1,_xlfn.XLOOKUP(O279,[1]AttributeName!$B:$B,[1]AttributeName!$D:$D),2,_xlfn.XLOOKUP(C279,#REF!,#REF!),3,_xlfn.XLOOKUP(C279,#REF!,#REF!)),0)} -> 2 | T279: {=IFERROR(_xlfn.SWITCH(L279,1,_xlfn.XLOOKUP(O279,[1]AttributeName!$B:$B,[1]AttributeName!$E:$E),2,_xlfn.XLOOKUP(C279,#REF!,#REF!),3,_xlfn.XLOOKUP(C279,#REF!,#REF!)),0)} -> 2
A280: =A272+1 -> 103 | B280: 3 | C280: 装备稀有度 | D280: 头部 | E280: 前缀 | G280: 1 | H280: 1000 | J280: {=_xlfn.SWITCH(B280,1,75,2,61,3,49,4,37,5,25,6,13,7,4,8,1)} -> 49 | K280: {=IFERROR(_xlfn.SWITCH(L280,2,_xlfn.XLOOKUP(C280,[1]ModifierDes!$B:$B,[1]ModifierDes!$C:$C),3,_xlfn.XLOOKUP(C280,[1]StuntDes!$B:$B,[1]StuntDes!$C:$C)),"")} | L280: =IF(M280="",IF(N280="",1,2),3) -> 1 | M280: =IFERROR(_xlfn.XLOOKUP(C280,[1]StuntDes!$B:$B,[1]StuntDes!$A:$A),"") | N280: =IFERROR(_xlfn.XLOOKUP(C280,[1]ModifierDes!$B:$B,[1]ModifierDes!$A:$A),"") | O280: =IFERROR(_xlfn.XLOOKUP(C280,[1]AttributeName!$C:$C,[1]AttributeName!$B:$B),"") -> 10700 | Q280: 0.06 | R280: 0.06 | S280: {=IFERROR(_xlfn.SWITCH(L280,1,_xlfn.XLOOKUP(O280,[1]AttributeName!$B:$B,[1]AttributeName!$D:$D),2,_xlfn.XLOOKUP(C280,#REF!,#REF!),3,_xlfn.XLOOKUP(C280,#REF!,#REF!)),0)} -> 2 | T280: {=IFERROR(_xlfn.SWITCH(L280,1,_xlfn.XLOOKUP(O280,[1]AttributeName!$B:$B,[1]AttributeName!$E:$E),2,_xlfn.XLOOKUP(C280,#REF!,#REF!),3,_xlfn.XLOOKUP(C280,#REF!,#REF!)),0)} -> 2
A281: =A273+1 -> 103 | B281: 4 | C281: 装备稀有度 | D281: 头部 | E281: 前缀 | G281: 1 | H281: 1000 | J281: {=_xlfn.SWITCH(B281,1,75,2,61,3,49,4,37,5,25,6,13,7,4,8,1)} -> 37 | K281: {=IFERROR(_xlfn.SWITCH(L281,2,_xlfn.XLOOKUP(C281,[1]ModifierDes!$B:$B,[1]ModifierDes!$C:$C),3,_xlfn.XLOOKUP(C281,[1]StuntDes!$B:$B,[1]StuntDes!$C:$C)),"")} | L281: =IF(M281="",IF(N281="",1,2),3) -> 1 | M281: =IFERROR(_xlfn.XLOOKUP(C281,[1]StuntDes!$B:$B,[1]StuntDes!$A:$A),"") | N281: =IFERROR(_xlfn.XLOOKUP(C281,[1]ModifierDes!$B:$B,[1]ModifierDes!$A:$A),"") | O281: =IFERROR(_xlfn.XLOOKUP(C281,[1]AttributeName!$C:$C,[1]AttributeName!$B:$B),"") -> 10700 | Q281: 0.05 | R281: 0.05 | S281: {=IFERROR(_xlfn.SWITCH(L281,1,_xlfn.XLOOKUP(O281,[1]AttributeName!$B:$B,[1]AttributeName!$D:$D),2,_xlfn.XLOOKUP(C281,#REF!,#REF!),3,_xlfn.XLOOKUP(C281,#REF!,#REF!)),0)} -> 2 | T281: {=IFERROR(_xlfn.SWITCH(L281,1,_xlfn.XLOOKUP(O281,[1]AttributeName!$B:$B,[1]AttributeName!$E:$E),2,_xlfn.XLOOKUP(C281,#REF!,#REF!),3,_xlfn.XLOOKUP(C281,#REF!,#REF!)),0)} -> 2
... A286: =A278+1 -> 104 | B286: 1 | C286: 攻击伤害提高 | D286: 头部 | E286: 前缀 | G286: 1 | H286: 50 | J286: {=_xlfn.SWITCH(B286,1,75,2,61,3,49,4,37,5,25,6,13,7,4,8,1)} -> 75 | K286: {=IFERROR(_xlfn.SWITCH(L286,2,_xlfn.XLOOKUP(C286,[1]ModifierDes!$B:$B,[1]ModifierDes!$C:$C),3,_xlfn.XLOOKUP(C286,[1]StuntDes!$B:$B,[1]StuntDes!$C:$C)),"")} -> 攻击伤害提高{0} | L286: =IF(M286="",IF(N286="",1,2),3) -> 2 | M286: =IFERROR(_xlfn.XLOOKUP(C286,[1]StuntDes!$B:$B,[1]StuntDes!$A:$A),"") | N286: =IFERROR(_xlfn.XLOOKUP(C286,[1]ModifierDes!$B:$B,[1]ModifierDes!$A:$A),"") -> 10066 | O286: =IFERROR(_xlfn.XLOOKUP(C286,[1]AttributeName!$C:$C,[1]AttributeName!$B:$B),"") | Q286: 0.25 | R286: 0.35 | S286: {=IFERROR(_xlfn.SWITCH(L286,1,_xlfn.XLOOKUP(O286,[1]AttributeName!$B:$B,[1]AttributeName!$D:$D),2,_xlfn.XLOOKUP(C286,#REF!,#REF!),3,_xlfn.XLOOKUP(C286,#REF!,#REF!)),0)} -> 0 | T286: {=IFERROR(_xlfn.SWITCH(L286,1,_xlfn.XLOOKUP(O286,[1]AttributeName!$B:$B,[1]AttributeName!$E:$E),2,_xlfn.XLOOKUP(C286,#REF!,#REF!),3,_xlfn.XLOOKUP(C286,#REF!,#REF!)),0)} -> 0
A287: =A279+1 -> 104 | B287: 2 | C287: 攻击伤害提高 | D287: 头部 | E287: 前缀 | G287: 1 | H287: 100 | I287: 3 | J287: {=_xlfn.SWITCH(B287,1,75,2,61,3,49,4,37,5,25,6,13,7,4,8,1)} -> 61 | K287: {=IFERROR(_xlfn.SWITCH(L287,2,_xlfn.XLOOKUP(C287,[1]ModifierDes!$B:$B,[1]ModifierDes!$C:$C),3,_xlfn.XLOOKUP(C287,[1]StuntDes!$B:$B,[1]StuntDes!$C:$C)),"")} -> 攻击伤害提高{0} | L287: =IF(M287="",IF(N287="",1,2),3) -> 2 | M287: =IFERROR(_xlfn.XLOOKUP(C287,[1]StuntDes!$B:$B,[1]StuntDes!$A:$A),"") | N287: =IFERROR(_xlfn.XLOOKUP(C287,[1]ModifierDes!$B:$B,[1]ModifierDes!$A:$A),"") -> 10066 | O287: =IFERROR(_xlfn.XLOOKUP(C287,[1]AttributeName!$C:$C,[1]AttributeName!$B:$B),"") | Q287: 0.22 | R287: 0.24 | S287: {=IFERROR(_xlfn.SWITCH(L287,1,_xlfn.XLOOKUP(O287,[1]AttributeName!$B:$B,[1]AttributeName!$D:$D),2,_xlfn.XLOOKUP(C287,#REF!,#REF!),3,_xlfn.XLOOKUP(C287,#REF!,#REF!)),0)} -> 0 | T287: {=IFERROR(_xlfn.SWITCH(L287,1,_xlfn.XLOOKUP(O287,[1]AttributeName!$B:$B,[1]AttributeName!$E:$E),2,_xlfn.XLOOKUP(C287,#REF!,#REF!),3,_xlfn.XLOOKUP(C287,#REF!,#REF!)),0)} -> 0
A288: =A280+1 -> 104 | B288: 3 | C288: 攻击伤害提高 | D288: 头部 | E288: 前缀 | G288: 1 | H288: 200 | I288: 3 | J288: {=_xlfn.SWITCH(B288,1,75,2,61,3,49,4,37,5,25,6,13,7,4,8,1)} -> 49 | K288: {=IFERROR(_xlfn.SWITCH(L288,2,_xlfn.XLOOKUP(C288,[1]ModifierDes!$B:$B,[1]ModifierDes!$C:$C),3,_xlfn.XLOOKUP(C288,[1]StuntDes!$B:$B,[1]StuntDes!$C:$C)),"")} -> 攻击伤害提高{0} | L288: =IF(M288="",IF(N288="",1,2),3) -> 2 | M288: =IFERROR(_xlfn.XLOOKUP(C288,[1]StuntDes!$B:$B,[1]StuntDes!$A:$A),"") | N288: =IFERROR(_xlfn.XLOOKUP(C288,[1]ModifierDes!$B:$B,[1]ModifierDes!$A:$A),"") -> 10066 | O288: =IFERROR(_xlfn.XLOOKUP(C288,[1]AttributeName!$C:$C,[1]AttributeName!$B:$B),"") | Q288: 0.19 | R288: 0.21 | S288: {=IFERROR(_xlfn.SWITCH(L288,1,_xlfn.XLOOKUP(O288,[1]AttributeName!$B:$B,[1]AttributeName!$D:$D),2,_xlfn.XLOOKUP(C288,#REF!,#REF!),3,_xlfn.XLOOKUP(C288,#REF!,#REF!)),0)} -> 0 | T288: {=IFERROR(_xlfn.SWITCH(L288,1,_xlfn.XLOOKUP(O288,[1]AttributeName!$B:$B,[1]AttributeName!$E:$E),2,_xlfn.XLOOKUP(C288,#REF!,#REF!),3,_xlfn.XLOOKUP(C288,#REF!,#REF!)),0)} -> 0
A289: =A281+1 -> 104 | B289: 4 | C289: 攻击伤害提高 | D289: 头部 | E289: 前缀 | G289: 1 | H289: 500 | I289: 3 | J289: {=_xlfn.SWITCH(B289,1,75,2,61,3,49,4,37,5,25,6,13,7,4,8,1)} -> 37 | K289: {=IFERROR(_xlfn.SWITCH(L289,2,_xlfn.XLOOKUP(C289,[1]ModifierDes!$B:$B,[1]ModifierDes!$C:$C),3,_xlfn.XLOOKUP(C289,[1]StuntDes!$B:$B,[1]StuntDes!$C:$C)),"")} -> 攻击伤害提高{0} | L289: =IF(M289="",IF(N289="",1,2),3) -> 2 | M289: =IFERROR(_xlfn.XLOOKUP(C289,[1]StuntDes!$B:$B,[1]StuntDes!$A:$A),"") | N289: =IFERROR(_xlfn.XLOOKUP(C289,[1]ModifierDes!$B:$B,[1]ModifierDes!$A:$A),"") -> 10066 | O289: =IFERROR(_xlfn.XLOOKUP(C289,[1]AttributeName!$C:$C,[1]AttributeName!$B:$B),"") | Q289: 0.16 | R289: 0.18 | S289: {=IFERROR(_xlfn.SWITCH(L289,1,_xlfn.XLOOKUP(O289,[1]AttributeName!$B:$B,[1]AttributeName!$D:$D),2,_xlfn.XLOOKUP(C289,#REF!,#REF!),3,_xlfn.XLOOKUP(C289,#REF!,#REF!)),0)} -> 0 | T289: {=IFERROR(_xlfn.SWITCH(L289,1,_xlfn.XLOOKUP(O289,[1]AttributeName!$B:$B,[1]AttributeName!$E:$E),2,_xlfn.XLOOKUP(C289,#REF!,#REF!),3,_xlfn.XLOOKUP(C289,#REF!,#REF!)),0)} -> 0
A290: =A282+1 -> 104 | B290: 5 | C290: 攻击伤害提高 | D290: 头部 | E290: 前缀 | G290: 1 | H290: 750 | I290: 3 | J290: {=_xlfn.SWITCH(B290,1,75,2,61,3,49,4,37,5,25,6,13,7,4,8,1)} -> 25 | K290: {=IFERROR(_xlfn.SWITCH(L290,2,_xlfn.XLOOKUP(C290,[1]ModifierDes!$B:$B,[1]ModifierDes!$C:$C),3,_xlfn.XLOOKUP(C290,[1]StuntDes!$B:$B,[1]StuntDes!$C:$C)),"")} -> 攻击伤害提高{0} | L290: =IF(M290="",IF(N290="",1,2),3) -> 2 | M290: =IFERROR(_xlfn.XLOOKUP(C290,[1]StuntDes!$B:$B,[1]StuntDes!$A:$A),"") | N290: =IFERROR(_xlfn.XLOOKUP(C290,[1]ModifierDes!$B:$B,[1]ModifierDes!$A:$A),"") -> 10066 | O290: =IFERROR(_xlfn.XLOOKUP(C290,[1]AttributeName!$C:$C,[1]AttributeName!$B:$B),"") | Q290: 0.13 | R290: 0.15 | S290: {=IFERROR(_xlfn.SWITCH(L290,1,_xlfn.XLOOKUP(O290,[1]AttributeName!$B:$B,[1]AttributeName!$D:$D),2,_xlfn.XLOOKUP(C290,#REF!,#REF!),3,_xlfn.XLOOKUP(C290,#REF!,#REF!)),0)} -> 0 | T290: {=IFERROR(_xlfn.SWITCH(L290,1,_xlfn.XLOOKUP(O290,[1]AttributeName!$B:$B,[1]AttributeName!$E:$E),2,_xlfn.XLOOKUP(C290,#REF!,#REF!),3,_xlfn.XLOOKUP(C290,#REF!,#REF!)),0)} -> 0
A291: =A283+1 -> 104 | B291: 6 | C291: 攻击伤害提高 | D291: 头部 | E291: 前缀 | G291: 1 | H291: 1000 | I291: 3 | J291: {=_xlfn.SWITCH(B291,1,75,2,61,3,49,4,37,5,25,6,13,7,4,8,1)} -> 13 | K291: {=IFERROR(_xlfn.SWITCH(L291,2,_xlfn.XLOOKUP(C291,[1]ModifierDes!$B:$B,[1]ModifierDes!$C:$C),3,_xlfn.XLOOKUP(C291,[1]StuntDes!$B:$B,[1]StuntDes!$C:$C)),"")} -> 攻击伤害提高{0} | L291: =IF(M291="",IF(N291="",1,2),3) -> 2 | M291: =IFERROR(_xlfn.XLOOKUP(C291,[1]StuntDes!$B:$B,[1]StuntDes!$A:$A),"") | N291: =IFERROR(_xlfn.XLOOKUP(C291,[1]ModifierDes!$B:$B,[1]ModifierDes!$A:$A),"") -> 10066 | O291: =IFERROR(_xlfn.XLOOKUP(C291,[1]AttributeName!$C:$C,[1]AttributeName!$B:$B),"") | Q291: 0.1 | R291: 0.12 | S291: {=IFERROR(_xlfn.SWITCH(L291,1,_xlfn.XLOOKUP(O291,[1]AttributeName!$B:$B,[1]AttributeName!$D:$D),2,_xlfn.XLOOKUP(C291,#REF!,#REF!),3,_xlfn.XLOOKUP(C291,#REF!,#REF!)),0)} -> 0 | T291: {=IFERROR(_xlfn.SWITCH(L291,1,_xlfn.XLOOKUP(O291,[1]AttributeName!$B:$B,[1]AttributeName!$E:$E),2,_xlfn.XLOOKUP(C291,#REF!,#REF!),3,_xlfn.XLOOKUP(C291,#REF!,#REF!)),0)} -> 0
A292: =A284+1 -> 104 | B292: 7 | C292: 攻击伤害提高 | D292: 头部 | E292: 前缀 | G292: 1 | H292: 1000 | I292: 3 | J292: {=_xlfn.SWITCH(B292,1,75,2,61,3,49,4,37,5,25,6,13,7,4,8,1)} -> 4 | K292: {=IFERROR(_xlfn.SWITCH(L292,2,_xlfn.XLOOKUP(C292,[1]ModifierDes!$B:$B,[1]ModifierDes!$C:$C),3,_xlfn.XLOOKUP(C292,[1]StuntDes!$B:$B,[1]StuntDes!$C:$C)),"")} -> 攻击伤害提高{0} | L292: =IF(M292="",IF(N292="",1,2),3) -> 2 | M292: =IFERROR(_xlfn.XLOOKUP(C292,[1]StuntDes!$B:$B,[1]StuntDes!$A:$A),"") | N292: =IFERROR(_xlfn.XLOOKUP(C292,[1]ModifierDes!$B:$B,[1]ModifierDes!$A:$A),"") -> 10066 | O292: =IFERROR(_xlfn.XLOOKUP(C292,[1]AttributeName!$C:$C,[1]AttributeName!$B:$B),"") | Q292: 0.07 | R292: 0.09 | S292: {=IFERROR(_xlfn.SWITCH(L292,1,_xlfn.XLOOKUP(O292,[1]AttributeName!$B:$B,[1]AttributeName!$D:$D),2,_xlfn.XLOOKUP(C292,#REF!,#REF!),3,_xlfn.XLOOKUP(C292,#REF!,#REF!)),0)} -> 0 | T292: {=IFERROR(_xlfn.SWITCH(L292,1,_xlfn.XLOOKUP(O292,[1]AttributeName!$B:$B,[1]AttributeName!$E:$E),2,_xlfn.XLOOKUP(C292,#REF!,#REF!),3,_xlfn.XLOOKUP(C292,#REF!,#REF!)),0)} -> 0
A293: =A285+1 -> 104 | B293: 8 | C293: 攻击伤害提高 | D293: 头部 | E293: 前缀 | G293: 1 | H293: 1000 | I293: 3 | J293: {=_xlfn.SWITCH(B293,1,75,2,61,3,49,4,37,5,25,6,13,7,4,8,1)} -> 1 | K293: {=IFERROR(_xlfn.SWITCH(L293,2,_xlfn.XLOOKUP(C293,[1]ModifierDes!$B:$B,[1]ModifierDes!$C:$C),3,_xlfn.XLOOKUP(C293,[1]StuntDes!$B:$B,[1]StuntDes!$C:$C)),"")} -> 攻击伤害提高{0} | L293: =IF(M293="",IF(N293="",1,2),3) -> 2 | M293: =IFERROR(_xlfn.XLOOKUP(C293,[1]StuntDes!$B:$B,[1]StuntDes!$A:$A),"") | N293: =IFERROR(_xlfn.XLOOKUP(C293,[1]ModifierDes!$B:$B,[1]ModifierDes!$A:$A),"") -> 10066 | O293: =IFERROR(_xlfn.XLOOKUP(C293,[1]AttributeName!$C:$C,[1]AttributeName!$B:$B),"") | Q293: 0.04 | R293: 0.06 | S293: {=IFERROR(_xlfn.SWITCH(L293,1,_xlfn.XLOOKUP(O293,[1]AttributeName!$B:$B,[1]AttributeName!$D:$D),2,_xlfn.XLOOKUP(C293,#REF!,#REF!),3,_xlfn.XLOOKUP(C293,#REF!,#REF!)),0)} -> 0 | T293: {=IFERROR(_xlfn.SWITCH(L293,1,_xlfn.XLOOKUP(O293,[1]AttributeName!$B:$B,[1]AttributeName!$E:$E),2,_xlfn.XLOOKUP(C293,#REF!,#REF!),3,_xlfn.XLOOKUP(C293,#REF!,#REF!)),0)} -> 0
...

Sheet EquipModifierValue
A1: 词缀t级 | B1: 价值碎钻
A2: tier.p | B2: value
A3: number | B3: number2
A4: 1 | B4: 30
A5: 2 | B5: 15
A6: 3 | B6: 9
A7: 4 | B7: 5
A8: 5 | B8: 3
A9: 6 | B9: 2
A10: 7 | B10: 1
A11: 8 | B11: 0

Sheet ModifierTier
A1: 评级 | B1: 评级底 | C1: 字色 | D1: 描边
A2: tier.p | B2: res | C2: color | D2: outline
A3: number | B3: string | C3: string | D3: string
A4: 0 | B4: 8 | C4: FFF6E4 | D4: AF272A
A5: 1 | B5: 6 | C5: FFF6E4 | D5: A65310
A6: 2 | B6: =B5 -> 6 | C6: =C5 -> FFF6E4 | D6: =D5 -> A65310
A7: 3 | B7: 5 | C7: FEEAEA | D7: A95B00
A8: 4 | B8: =B7 -> 5 | C8: =C7 -> FEEAEA | D8: =D7 -> A95B00
A9: 5 | B9: 4 | C9: FEE9FF | D9: 8426AC
A10: 6 | B10: 4 | C10: =C9 -> FEE9FF | D10: =D9 -> 8426AC
A11: 7 | B11: 3 | C11: E7F9FF | D11: 2D56AB
A12: 8 | B12: 3 | C12: =C11 -> E7F9FF | D12: =D11 -> 2D56AB

Sheet |词缀透视
A2: (nouse)所属type | B2: 武器
A3: (nouse)所属词位 | B3: 后缀
A5: id | B5: 备注(nouse) | C5: 评级 | D5: 求和项:权重
A6: 11501 | D6: 0.0055248619
B7: 投射物技能等级 | D7: 0.0055248619
C8: 1 | D8: 0.0018416206
C9: 3 | D9: 0.0036832413
A10: 11502 | D10: 0.0027624309
B11: 攻击技能等级 | D11: 0.0027624309
C12: 1 | D12: 0.00092081031
C13: 3 | D13: 0.0018416206
A14: 11503 | D14: 0.0027624309
B15: 法术技能等级 | D15: 0.0027624309
C16: 1 | D16: 0.00092081031
C17: 3 | D17: 0.0018416206
A18: 11504 | D18: 0.0055248619
B19: 物理技能等级 | D19: 0.0055248619
C20: 1 | D20: 0.0018416206
C21: 3 | D21: 0.0036832413
A22: 11505 | D22: 0.0055248619
B23: 火焰技能等级 | D23: 0.0055248619
C24: 1 | D24: 0.0018416206
C25: 3 | D25: 0.0036832413
A26: 11506 | D26: 0.0055248619
B27: 冰霜技能等级 | D27: 0.0055248619
C28: 1 | D28: 0.0018416206
C29: 3 | D29: 0.0036832413
A30: 11507 | D30: 0.0055248619
B31: 闪电技能等级 | D31: 0.0055248619
C32: 1 | D32: 0.0018416206
C33: 3 | D33: 0.0036832413
A34: 11508 | D34: 0.0055248619
B35: 混沌技能等级 | D35: 0.0055248619
C36: 1 | D36: 0.0018416206
C37: 3 | D37: 0.0036832413
A38: 11509 | D38: 0.033149171
B39: 攻击暴击增加率 | D39: 0.033149171
C40: 1 | D40: 0.0018416206
C41: 2 | D41: 0.0036832413
C42: 3 | D42: 0.0092081031
C43: 4 | D43: 0.018416206
A44: 11510 | D44: 0.033149171
B45: 法术暴击增加率 | D45: 0.033149171
C46: 1 | D46: 0.0018416206
C47: 2 | D47: 0.0036832413
C48: 3 | D48: 0.0092081031
C49: 4 | D49: 0.018416206
A50: 11511 | D50: 0.033149171
B51: 攻击暴击伤害提高 | D51: 0.033149171
C52: 1 | D52: 0.0018416206
C53: 2 | D53: 0.0036832413
C54: 3 | D54: 0.0092081031
C55: 4 | D55: 0.018416206
A56: 11512 | D56: 0.033149171
B57: 法术暴击伤害提高 | D57: 0.033149171
C58: 1 | D58: 0.0018416206
C59: 2 | D59: 0.0036832413
C60: 3 | D60: 0.0092081031
C61: 4 | D61: 0.018416206
A62: 11513 | D62: 0.033149171
B63: 额外物理攻击 | D63: 0.033149171
C64: 1 | D64: 0.0018416206
C65: 2 | D65: 0.0036832413
C66: 3 | D66: 0.0092081031
C67: 4 | D67: 0.018416206
A68: 11514 | D68: 0.033149171
B69: 额外火焰攻击 | D69: 0.033149171
C70: 1 | D70: 0.0018416206
C71: 2 | D71: 0.0036832413
C72: 3 | D72: 0.0092081031
C73: 4 | D73: 0.018416206
A74: 11515 | D74: 0.033149171
B75: 额外冰霜攻击 | D75: 0.033149171
C76: 1 | D76: 0.0018416206
C77: 2 | D77: 0.0036832413
C78: 3 | D78: 0.0092081031
C79: 4 | D79: 0.018416206
A80: 11516 | D80: 0.033149171
B81: 额外闪电攻击 | D81: 0.033149171
C82: 1 | D82: 0.0018416206
C83: 2 | D83: 0.0036832413
C84: 3 | D84: 0.0092081031
C85: 4 | D85: 0.018416206
A86: 11517 | D86: 0.033149171
B87: 额外混沌攻击 | D87: 0.033149171
C88: 1 | D88: 0.0018416206
C89: 2 | D89: 0.0036832413
C90: 3 | D90: 0.0092081031
C91: 4 | D91: 0.018416206
A92: 11518 | D92: 0.046040516
B93: 攻击速度 | D93: 0.046040516
C94: 1 | D94: 0.0046040516
C95: 2 | D95: 0.0092081031
C96: 3 | D96: 0.013812155
C97: 4 | D97: 0.018416206
A98: 11519 | D98: 0.046040516
B99: 施法速度 | D99: 0.046040516
C100: 1 | D100: 0.0046040516
C101: 2 | D101: 0.0092081031
C102: 3 | D102: 0.013812155
...
